recclass,count,obs_cv,obs_varlog,obs_mad_ratio,obs_n,total_survived,z_null1_cv,p_null1_cv,surv_null1_cv,z_null1_varlog,p_null1_varlog,surv_null1_varlog,z_null1_mad_ratio,p_null1_mad_ratio,surv_null1_mad_ratio,z_null2_cv,p_null2_cv,surv_null2_cv,z_null2_varlog,p_null2_varlog,surv_null2_varlog,z_null2_mad_ratio,p_null2_mad_ratio,surv_null2_mad_ratio,z_null3_cv,p_null3_cv,surv_null3_cv,z_null3_varlog,p_null3_varlog,surv_null3_varlog,z_null3_mad_ratio,p_null3_mad_ratio,surv_null3_mad_ratio,z_null4_cv,p_null4_cv,surv_null4_cv,z_null4_varlog,p_null4_varlog,surv_null4_varlog,z_null4_mad_ratio,p_null4_mad_ratio,surv_null4_mad_ratio,z_null5_cv,p_null5_cv,surv_null5_cv,z_null5_varlog,p_null5_varlog,surv_null5_varlog,z_null5_mad_ratio,p_null5_mad_ratio,surv_null5_mad_ratio
Eucrite-pmict,207,2.627898825987294,3.374443814441616,0.8771428571428571,207,11,-1.8795097221103036,0.0,True,-3.6852014064948286,0.0,True,-2.3201934327892433,0.04,True,-1.7566318510862047,0.0,True,-2.4461175002535884,0.0,True,-2.7450361616491845,0.0,True,-1.5286453822344401,0.0,True,-2.4459659717954896,0.0,True,-2.037623883546744,0.1,False,-1.5937951314308072,0.0,True,-2.566437645666985,0.0,True,-2.803266008868679,0.0,True,-1.5107416302711867,0.06,False,-1.777414310857993,0.04,False,-0.9067624426123461,0.32,False
H6,4527,9.874171612949972,4.954778472351222,0.8734177215189874,4527,9,-1.9901025188529295,0.0,True,-8.770629830954867,0.0,True,-14.144187428674801,0.0,True,-1.684079856794806,0.0,True,-3.5372426708039835,0.0,True,0.26520419750318697,0.76,False,-1.6075179527476653,0.0,True,-3.0144924582858383,0.0,True,-0.12050415610921646,0.72,False,-1.6708485219802478,0.0,True,-3.8738624705330524,0.0,True,0.25575589508083707,0.92,False,-0.4497473229704945,0.74,False,-0.4806648472545252,0.66,False,-0.42075647151667445,0.66,False
H4,4211,9.881426160871934,5.635837575580828,0.9183783783783783,4211,8,-2.194823797396014,0.02,True,-4.428908484164547,0.0,True,-3.8789547879774577,0.0,True,-1.8778200569730903,0.0,True,-4.11143574643239,0.0,True,0.034196761382997154,0.92,False,-1.8058595348150903,0.02,False,-3.7433251474651423,0.0,True,1.854027436724726,0.04,False,-1.767150645153045,0.0,True,-3.913538792818982,0.0,True,-0.10058734194721217,0.88,False,-0.4808204630121957,0.8,False,-0.7047092814640599,0.58,False,-0.1489641502677246,0.94,False
L6,8279,9.659273095823206,5.746864567055965,0.9388888888888888,8279,8,-3.561090136162045,0.0,True,-6.614710893860176,0.0,True,1.1977061586456141,0.22,False,-3.9558777415796995,0.0,True,-6.757897549256339,0.0,True,1.4320839642367038,0.18,False,-2.905343708763676,0.0,True,-6.101561317841465,0.0,True,1.230015555931474,0.3,False,-2.8904417874817954,0.0,True,-7.650911712974701,0.0,True,1.679189449218426,0.06,False,-0.4184379805605654,0.78,False,-0.6178301670346594,0.62,False,-0.10373505908507737,0.94,False
Ureilite,300,3.0132853141574585,3.592793878870237,0.8395061728395062,300,8,-1.681567291097146,0.0,True,-4.21212148940919,0.0,True,-5.22494376841822,0.0,True,-1.8193296826482641,0.0,True,-2.4205671808822964,0.0,True,-2.002993460562581,0.04,False,-1.3175342860995065,0.02,False,-1.8708719633811381,0.04,False,-2.3068823134773764,0.02,False,-1.783962462942749,0.0,True,-2.4163800504699555,0.0,True,-2.415566106858947,0.02,True,-1.3749890610012188,0.12,False,-1.480326275870774,0.12,False,-1.3316634767254671,0.22,False
Eucrite,221,2.8854714067596006,3.026014795913853,0.8636363636363636,221,6,-1.8649232817543375,0.02,True,-4.780018039290229,0.0,True,-3.5648322678631135,0.0,True,-1.4451844070326554,0.02,False,-1.9391033316589574,0.02,True,0.07390796157365248,0.9,False,-1.1621034722564192,0.14,False,-1.1102107612725873,0.28,False,0.08881277891341217,0.98,False,-1.454321347705023,0.0,True,-1.9040844206122585,0.0,True,0.34251358204930665,0.88,False,-1.343993423567264,0.1,False,-1.343293911058475,0.1,False,-0.16961010853690842,0.68,False
LL,225,4.5225917435157585,2.7851576199193295,0.6775456919060051,225,6,-1.348836058719653,0.06,False,-5.061026636842422,0.0,True,-11.901827563766965,0.0,True,-1.3698669017182832,0.12,False,-3.0347450824562046,0.0,True,-0.9320708034602999,0.38,False,-1.4155724504266942,0.08,False,-2.763521019915687,0.0,True,-0.4736354608885793,0.66,False,-1.4583321796723543,0.14,False,-2.9796117383347953,0.0,True,-1.062093146160169,0.28,False,-1.1494817658612806,0.32,False,-1.7513181868953573,0.02,True,-0.7527253484414921,0.36,False
H5/6,193,3.1635670320624167,3.6300137052961277,0.8414634146341463,193,6,-1.7234641704115803,0.0,True,-3.2349638350828656,0.0,True,-3.089279570036483,0.02,True,-1.4998185990981785,0.0,True,-1.887255288645226,0.04,True,-0.12722514396892487,0.84,False,-1.0869199965761434,0.2,False,-0.5877825599140836,0.56,False,-0.20880179107102123,0.82,False,-1.676796397379147,0.0,True,-1.7088911620272418,0.06,False,-0.24348325968478104,0.72,False,-1.2564699680339027,0.16,False,-1.35651855002268,0.16,False,-0.007019610125075516,0.96,False
E3,206,6.213960754341548,0.627596405830816,0.37106918238993714,206,6,-0.5667188990798385,0.68,False,-7.513130022913662,0.0,True,-29.065962194159365,0.0,True,-0.5026440098592664,0.78,False,-1.9908310515179681,0.0,True,-2.684803501365018,0.0,True,-0.34910660359353746,0.94,False,-1.399843019097294,0.12,False,-1.4931648035644478,0.06,False,-0.596246431906684,0.66,False,-1.9803390460887929,0.02,True,-2.232976217818608,0.0,True,0.1918163155590735,0.96,False,-1.3181345067364414,0.18,False,-1.8535804377430718,0.02,False
H4/5,428,8.556723825679896,5.686022495152589,0.8344246959775492,428,6,-0.4959985651670716,0.8,False,-1.243786633694046,0.14,False,-6.739828067982003,0.0,True,-0.65397080922335,0.58,False,-1.8936813652917637,0.02,True,-4.875118870030473,0.0,True,-0.24508768877429857,0.94,False,-0.555822951290826,0.68,False,-3.4615915048966888,0.0,True,-0.6892258125467466,0.68,False,-1.856452718887154,0.04,True,-5.569140454122732,0.0,True,0.1272083974469381,0.84,False,-0.47395052932557563,0.66,False,-2.380325165475447,0.02,False
OC,73,5.584734637355371,6.069093042119611,0.9172727272727272,73,6,0.15413944209933592,0.84,False,-0.23521287179507386,0.94,False,-0.2538421994248882,0.6,False,0.33293766828046145,0.66,False,-2.3476218094098127,0.0,True,-5.194088150390555,0.02,True,0.40720196737266967,0.62,False,-3.77797703600258,0.0,True,-14.038774897187693,0.0,True,0.5918755234054827,0.44,False,-2.2640378940695123,0.02,True,-3.13176663013779,0.06,False,0.33293766828046145,0.66,False,-2.3476218094098127,0.0,True,-5.194088150390572,0.02,False
CK5,94,2.7420792158869087,2.713576569577521,0.7628227194492255,94,6,-1.4321135576024102,0.12,False,-3.136990364895257,0.0,True,-5.6944788587377,0.0,True,-1.5943204580515635,0.04,False,-1.661532656500348,0.02,True,-1.5409293509316566,0.18,False,-1.114433585501232,0.24,False,-1.7500819858496628,0.02,True,-1.7425952337370225,0.06,False,-1.4087652748498303,0.1,False,-1.6741624204321224,0.0,True,-1.6159541669480333,0.14,False,-1.5943204580515633,0.04,False,-1.661532656500348,0.02,True,-1.5409293509316566,0.18,False
L3.8,66,3.1131415379097453,3.5770342536576747,0.8362562071783268,66,6,-0.8618318618035815,0.4,False,-2.1239182073354246,0.02,True,-2.5705677743589392,0.04,True,-0.9678779803969381,0.36,False,-1.7407044444536486,0.0,True,-1.6470595740074974,0.18,False,-0.41892895230479066,0.84,False,-1.3465377710631725,0.1,False,-1.5834531891757568,0.14,False,-0.887338898790853,0.32,False,-1.8591997906499436,0.0,True,-1.823086933774892,0.02,True,-0.9678779803969383,0.36,False,-1.7407044444536486,0.0,True,-1.647059574007494,0.18,False
LL3,128,2.810596712232832,4.4342150219786625,0.9195612431444241,128,5,-1.6950403014303614,0.02,True,-1.898399833251516,0.02,True,-0.23867666179722144,0.76,False,-1.6049489454296064,0.02,False,-2.2235026770985717,0.02,True,-0.5493852922266237,0.52,False,-1.306787014803437,0.08,False,-1.7649138804269635,0.0,True,-0.6314738112263265,0.52,False,-1.498382897468471,0.04,False,-1.8427644142022868,0.02,True,-0.7864644089879159,0.42,False,-1.3735442233410833,0.12,False,-1.6475189382977642,0.04,False,-0.2754774724314999,0.82,False
LL6,2043,10.808168123077506,4.237018141827892,0.8889610389610391,2043,5,-1.209336212992129,0.14,False,-10.167069794258822,0.0,True,-7.169237263173524,0.0,True,-1.2225507813686687,0.14,False,-5.235420151793438,0.0,True,0.6424569262363963,0.62,False,-1.077104152172968,0.24,False,-4.539590261981659,0.0,True,0.4330616791494138,0.62,False,-1.159550336613634,0.12,False,-4.734061281641897,0.0,True,0.5649477913968591,0.6,False,-0.35828341436963845,0.72,False,-0.9449138910304313,0.26,False,0.012549306455044254,0.88,False
H5,7138,23.62173029914869,5.6568616037638515,0.903225806451613,7138,5,-1.534653512055328,0.18,False,-5.8954053949667715,0.0,True,-9.763487860884826,0.0,True,-1.9004537089731484,0.06,False,-2.8758189168999135,0.0,True,-1.573344277133094,0.04,False,-1.1564483423813192,0.34,False,-2.1554007190113285,0.02,True,-1.5029561915948642,0.08,False,-1.2399033710782466,0.28,False,-3.3635858385772535,0.0,True,-1.6095565096761333,0.08,False,-0.7265951359304851,0.52,False,-0.48173600659190063,0.68,False,-0.291343088562331,0.74,False
LL5,2766,18.833695216428218,3.8369499164103704,0.8580246913580246,2766,5,-0.6715440287510595,0.72,False,-14.26441291208587,0.0,True,-15.10329442196232,0.0,True,-0.8732544473043596,0.42,False,-4.77906472808749,0.0,True,-0.3313340520428966,0.64,False,-0.46722209038212426,0.9,False,-4.059966199804449,0.0,True,-1.207484578654155,0.14,False,-0.6320607298754459,0.72,False,-5.181655364406838,0.0,True,-0.4004385234677561,0.64,False,-0.37615253929776954,0.88,False,-0.7457829954133031,0.42,False,-0.23446678039764307,0.84,False
L~6,94,3.2546495936479025,2.6887610674019813,0.8113725490196079,94,4,-1.182940524264039,0.2,False,-3.047043185676576,0.0,True,-3.746607444017563,0.0,True,-1.1620510531198815,0.24,False,-2.010069064552798,0.02,True,-0.48102813948824064,0.54,False,-0.4788898779176946,0.86,False,-1.1290235928729135,0.14,False,-0.48411369762956963,0.54,False,-1.0287261076554688,0.32,False,-1.5908031618222085,0.06,False,-0.33121217637052774,0.64,False,-1.1620510531198813,0.24,False,-2.010069064552799,0.02,True,-0.48102813948824064,0.54,False
L4,1253,7.599804926352292,5.644365473376417,0.9526542324246773,1253,4,-1.4273248008798423,0.02,True,-2.123706970621561,0.0,True,1.8753289832842415,0.04,False,-1.423179957111601,0.06,False,-2.88134009262539,0.0,True,0.301547094791303,0.8,False,-1.2141715596101785,0.2,False,-1.9616436931261776,0.04,False,0.3838939892072647,0.78,False,-1.5006241852751332,0.06,False,-2.818741164805158,0.0,True,0.4366039780058572,0.66,False,-0.6144659897085872,0.62,False,-0.7353115673286194,0.48,False,0.17440841154844094,0.8,False
Howardite,240,4.598425679528773,3.829766951941642,0.8936156351791532,240,4,-1.2995770389096002,0.16,False,-3.511748435419602,0.0,True,-2.0016023648653287,0.08,False,-1.1451488437563753,0.22,False,-3.0487537242062754,0.0,True,0.164113267002423,0.84,False,-1.0317999355933434,0.3,False,-2.861750382076157,0.0,True,0.060101014734781785,0.92,False,-1.063376808569023,0.2,False,-3.3726822664082476,0.0,True,0.09527397317917294,0.98,False,-0.797146069809348,0.52,False,-1.6244129350702663,0.04,False,-0.4451463597048642,0.5,False
LL4,268,6.444916836642406,4.274087918601488,0.915407330206705,268,3,-0.872551076817861,0.46,False,-3.2411860468720555,0.0,True,-1.1594567412162105,0.26,False,-0.5935328552602707,0.76,False,-2.278710257594809,0.02,True,-0.8030820657332955,0.32,False,-0.3681493142235101,0.88,False,-1.524362860759813,0.08,False,-0.8867079421452916,0.46,False,-0.6053411733809866,0.76,False,-2.1090796484456176,0.02,True,-0.6653739855007718,0.46,False,-0.36399584774413235,0.88,False,-1.090078942916076,0.22,False,-0.16090282242806447,0.68,False
CR2,135,3.3204609575209005,3.4668562186711065,0.8334246575342467,135,3,-1.5454172284335295,0.02,True,-3.4718167449047406,0.0,True,-3.676831214159606,0.02,True,-1.558429938308803,0.08,False,-0.7251928065468902,0.5,False,1.3611822836587366,0.24,False,-1.1456997138848484,0.24,False,-0.2995198268501682,0.92,False,1.411261728301258,0.24,False,-1.602546412519176,0.1,False,-0.6714130212076385,0.46,False,1.3249836032007376,0.26,False,-1.2738553622929238,0.26,False,-0.5835870292623584,0.66,False,0.2777009732362652,0.72,False
EH3,120,2.516950047847274,4.632709600420566,0.9485148514851485,120,3,-1.8308839449617877,0.0,True,-1.7700764565390628,0.06,True,0.7561311197988787,0.42,False,-1.6182292978843247,0.0,True,-1.3186162244788315,0.16,False,0.24232278817640743,0.96,False,-1.339406689811191,0.04,False,-1.0659700023649255,0.3,False,0.47372050004854943,0.7,False,-1.5642329816064566,0.08,False,-1.3085876841369135,0.14,False,0.550065433174097,0.64,False,-1.702430032908452,0.08,False,-1.262555291517204,0.14,False,0.4698856987804098,0.76,False
Eucrite-br,80,2.3726044112342306,2.695900195962344,0.7181352459016395,80,3,-1.6235145051482338,0.0,True,-3.3898619823610217,0.0,True,-5.346115629805052,0.0,True,-1.5337294845766423,0.08,False,-0.890713195178471,0.3,False,-0.14349711315558683,0.94,False,-1.2430084735291966,0.16,False,-0.9133755728734441,0.36,False,-0.25703706394738485,0.88,False,-1.4894882586354905,0.12,False,-1.004170090321463,0.22,False,-0.3187460503951999,0.8,False,-1.533729484576642,0.08,False,-0.890713195178471,0.3,False,-0.14349711315557992,0.94,False
L5,4794,18.43311788713346,5.978988681301078,0.9556038497361068,4794,3,-1.5161250839891995,0.2,False,-2.5192586209531442,0.0,True,4.669132645484011,0.0,False,-1.323232753206089,0.32,False,-2.74858671033879,0.0,True,3.5962189723966924,0.0,False,-1.0074599015771335,0.46,False,-0.6473193917758174,0.48,False,2.500821094178056,0.04,False,-1.4326946904561484,0.2,False,-2.6104459531955957,0.0,True,3.5884327122871436,0.0,False,-0.15120176471047164,0.94,False,-0.20183103954138973,1.0,False,0.28203584536419696,0.8,False
CM2,414,13.510112585707349,3.171738891639307,0.8095238095238095,414,2,0.5999392137730419,0.46,False,-6.170115119558037,0.0,True,-9.548439873654948,0.0,True,0.6782176339458923,0.48,False,-1.3715494774630461,0.16,False,0.34453373653240843,0.68,False,0.27073184033146125,0.74,False,-1.766334427266132,0.06,False,0.3229875244454016,0.62,False,0.42671592539780945,0.5,False,-1.6814266731279284,0.06,False,0.41890599826737746,0.62,False,-0.39712375129561256,0.8,False,-0.6119175242806868,0.66,False,0.4357056873767232,0.66,False
H3.7,75,6.459230913893715,3.3367275424187492,0.7766262607569169,75,2,0.7638176219477986,0.56,False,-2.55204247453979,0.0,True,-4.622080709100514,0.0,True,0.8002691520353861,0.44,False,-0.11328696697522198,0.98,False,0.11847470539251412,0.88,False,0.5941459144702912,0.62,False,-0.5049429782917764,0.68,False,0.012917757393210012,0.98,False,0.7386816015754005,0.42,False,0.05306062720989442,0.94,False,-0.07320829623405549,0.96,False,0.8002691520353855,0.44,False,-0.11328696697522263,0.98,False,0.11847470539252074,0.88,False
L3,365,14.118958023856754,4.288703804156882,0.9203160270880361,365,2,1.1332595128289285,0.3,False,-4.088312112762303,0.0,True,-0.825612725328328,0.38,False,1.1720970030751505,0.26,False,-1.559800551191166,0.04,True,0.6167417014113672,0.6,False,1.6290483264614013,0.2,False,-0.1979722840683089,0.86,False,0.8237207864656343,0.34,False,1.1363241921173237,0.36,False,-1.1440828644672396,0.24,False,0.6565975510419643,0.54,False,0.05274848143913646,0.9,False,-0.7059537184936608,0.42,False,0.361157519445339,0.72,False
L6 ,54,2.5828607091925493,3.0150722586978627,0.7990074441687345,54,2,-1.2805249633774347,0.16,False,-2.275756643500659,0.0,True,-2.861056522736916,0.02,True,-0.3657212127193154,0.9,False,0.2310167114844108,0.78,False,0.27106306538981495,0.9,False,-0.5390786254073289,0.78,False,-0.17223701947350825,0.96,False,-0.23118306218643092,0.84,False,-0.397437432363196,0.7,False,-0.007878360462680919,0.92,False,-0.12644496803770014,0.88,False,-0.3657212127193167,0.9,False,0.2310167114844108,0.78,False,0.27106306538981495,0.9,False
Lunar (anorth),69,1.7028127167834535,2.575244116457719,0.891008174386921,69,2,-2.050917162253951,0.0,True,-3.39902344241744,0.0,True,-1.1432985973748715,0.26,False,-1.336169797628551,0.06,False,-1.0603907199490294,0.22,False,1.6935303684084262,0.02,False,-1.036331391332028,0.12,False,-0.901163863008784,0.3,False,1.6952900281064707,0.0,False,-1.502588106672465,0.04,False,-1.0222976175997474,0.2,False,1.8827847764673133,0.02,False,-1.336169797628551,0.06,False,-1.0603907199490294,0.22,False,1.6935303684084235,0.02,False
L3.4,51,2.084682200517096,4.756138282722311,0.8380952380952381,51,2,-1.5774286364925056,0.04,False,-0.9505096926205657,0.24,False,-1.8222798045317448,0.12,False,-1.7472114179111178,0.0,True,-1.2656925262698677,0.1,False,-0.8481955590198368,0.34,False,-1.693647872072489,0.04,False,-1.345095211107651,0.08,False,-0.942506157941738,0.28,False,-1.8099887744743723,0.02,False,-1.380082328911793,0.1,False,-1.2003019482625932,0.14,False,-1.7472114179111178,0.0,True,-1.2656925262698677,0.1,False,-0.84819555901984,0.34,False
LL-melt breccia,54,2.6619768878503893,1.6720620762845302,0.4685897435897436,54,2,-1.3004922614342953,0.08,False,-3.848429519746073,0.0,True,-11.84643069793058,0.0,True,0.9953284531686523,0.4,False,1.0523939369763313,0.36,False,-0.7055972809780622,0.54,False,0.8394500279790108,0.52,False,1.061095238354392,0.28,False,-0.7297524718799147,0.44,False,0.7717880888847568,0.52,False,0.8764844529117785,0.32,False,-0.8906234663011303,0.36,False,0.995328453168654,0.4,False,1.0523939369763293,0.36,False,-0.7055972809780622,0.54,False
H3.8,76,3.766144620073912,4.161124273646885,0.8456680785521757,76,2,-1.0668366502538495,0.24,False,-2.028030868620879,0.0,True,-2.510520094288703,0.0,True,-0.6932615428623327,0.58,False,-1.0095901361881539,0.34,False,-1.03664367982072,0.26,False,-0.3516176456015638,0.9,False,-0.3086428681969028,0.82,False,-0.9547347994948223,0.34,False,-0.634148670623784,0.7,False,-0.9558252915270075,0.32,False,-1.0079047095505065,0.32,False,-0.6932615428623327,0.58,False,-1.0095901361881539,0.34,False,-1.03664367982072,0.26,False
Martian (shergottite),99,2.757439218463336,3.7988766599379424,0.8544748969197187,99,2,-1.6291910209844436,0.04,False,-2.21846992213838,0.02,True,-2.571533646731862,0.02,True,-1.437672112809751,0.08,False,-1.0438943544946644,0.3,False,-1.513466876182272,0.08,False,-1.1998324674884155,0.16,False,-0.4588253935793307,0.68,False,-1.8098260934915704,0.12,False,-1.6039274162540142,0.02,False,-1.2334237216979647,0.24,False,-1.622028870839494,0.14,False,-1.437672112809751,0.08,False,-1.0438943544946644,0.3,False,-1.513466876182272,0.08,False
Diogenite,241,4.220150233573617,4.576205130096004,0.9057377049180327,241,1,-1.4477655431938867,0.04,False,-2.2385123066501142,0.0,True,-1.207575450151918,0.24,False,-1.2953834952296193,0.06,False,-1.363169740456649,0.12,False,0.29854308208185076,0.82,False,-1.1932070748143901,0.14,False,-1.0499311893548575,0.26,False,0.24372329936612006,0.86,False,-1.188274592900234,0.16,False,-1.3248474023505266,0.14,False,0.3204723442168078,0.66,False,-0.9380788165723166,0.42,False,-0.8777967690059022,0.38,False,-0.08121954637294497,0.94,False
CO3,334,10.200824745767223,5.618214834378258,0.9501385041551247,334,1,0.19484735981469073,0.74,False,-1.2923240098731206,0.28,False,0.9703239161547883,0.38,False,-0.10692201662687457,1.0,False,-1.775973463268277,0.04,True,1.4069859165274443,0.18,False,0.7325656457782775,0.4,False,-0.3992681633536081,0.8,False,1.1047483767711013,0.28,False,0.054004795751394545,0.78,False,-1.4352211109398563,0.16,False,1.4902221863660048,0.14,False,-1.0087880511687897,0.32,False,-1.006233865830814,0.26,False,0.4992763671027846,0.6,False
H5-6,63,6.5915998863054615,3.929521956417235,0.927787610619469,63,1,1.1865411233388465,0.3,False,-1.8735028408319454,0.02,True,0.07621303288745218,0.98,False,1.0404003050152921,0.44,False,-1.0104377182983821,0.28,False,1.2404957001645431,0.14,False,1.9649688078658754,0.14,False,-0.4049905811875301,0.88,False,1.1582813360479323,0.1,False,1.198630818008651,0.34,False,-1.1304701364163008,0.24,False,1.115749207752483,0.14,False,1.0404003050152917,0.44,False,-1.0104377182983821,0.28,False,1.240495700164538,0.14,False
Acapulcoite,54,2.608774384598701,4.1356682060118,0.8365432098765433,54,1,-1.1971230705832956,0.22,False,-1.3954079924029614,0.22,False,-2.0764221441762425,0.06,False,-1.415246507034116,0.12,False,-1.5147492499182842,0.12,False,0.28597210195703904,0.82,False,-1.0654278450956105,0.34,False,-1.0617447414716237,0.38,False,0.169921409539236,0.9,False,-1.4654300931736188,0.06,False,-1.4070427529830793,0.04,True,0.018625291025796225,0.84,False,-1.415246507034116,0.12,False,-1.5147492499182833,0.12,False,0.28597210195704376,0.82,False
H~5,111,5.212056012823311,5.067453375589915,0.9448946515397082,111,1,-0.6025876172889545,0.74,False,-1.3546512558501778,0.18,False,0.4451431877543514,0.76,False,-0.3183990265685607,0.9,False,-1.709341226001174,0.04,True,1.0590166256775961,0.22,False,0.10455520439831878,0.66,False,-0.6526707630947302,0.58,False,1.1041171163810384,0.24,False,-0.43927971379670394,0.86,False,-1.3207233388945736,0.12,False,1.0043096454857505,0.22,False,-0.3530552433154937,0.86,False,-1.3833282324333853,0.12,False,0.21915589645455358,0.82,False
L5/6,109,6.2897196871718934,4.017394905165002,0.9256,109,1,0.17699181412749387,0.7,False,-2.2423850267299015,0.02,True,0.07186877277826002,0.94,False,0.22647791235252596,0.7,False,-1.8186015179783876,0.06,False,0.8884439098913359,0.54,False,0.6437912282131757,0.46,False,-0.6018096550361776,0.62,False,0.7764401669517874,0.52,False,0.07625798785372365,0.82,False,-1.7224600607630414,0.08,False,0.8183871490155532,0.54,False,0.1436332765163675,0.8,False,-1.6297368739795444,0.06,False,0.765776523887479,0.6,False
Eucrite-mmict,108,5.604643626102179,5.146631335825125,0.8292565223948124,108,1,-0.24299455855960586,0.9,False,-1.1621825102448051,0.26,False,-3.7129621981393655,0.0,True,0.024808706239333893,0.8,False,0.023595849668579038,0.94,False,-1.611920886227883,0.16,False,-0.228720775819187,0.94,False,-0.9901811846660319,0.36,False,-1.9059131707985026,0.06,False,0.11155275556813843,0.7,False,-0.5077055650882888,0.62,False,-1.5479121093334607,0.16,False,-0.12410267574333834,0.92,False,-0.11333922093232786,0.92,False,-0.9504816274968437,0.42,False
CV3,256,13.972125669748788,7.022130912550418,0.9834824501032347,256,0,1.4857496197391877,0.28,False,0.9358242601769161,0.32,False,2.681656547762996,0.0,False,1.5329791252746483,0.16,False,-0.42974395551928224,0.66,False,3.6275959971559386,0.0,False,1.7516561874674166,0.16,False,0.46833633476043135,0.7,False,2.898340877632969,0.0,False,1.3889994809064263,0.36,False,-0.507504063396419,0.68,False,2.921904220912055,0.0,False,0.3311680949626457,0.62,False,-0.23472244199477194,0.86,False,1.8182999613062663,0.04,False
"Iron, IIIAB",284,7.95506596348288,10.992120827517951,0.9946575342465754,284,0,-0.3602851402376737,0.86,False,7.187442142088842,0.0,False,3.630059231811151,0.0,False,-0.16059684188622964,0.94,False,9.717270016143047,0.0,False,2.1946346850957794,0.0,False,-0.31325246488770414,0.62,False,6.2348391682794775,0.0,False,1.3496684651451738,0.12,False,-0.4508453145631473,0.78,False,9.704458607750816,0.0,False,2.5372112075248436,0.0,False,0.005521463893031328,0.82,False,5.351493510890719,0.0,False,1.689031034849205,0.08,False
H3,386,9.209028481234588,5.173323032999997,0.9097022094140249,386,0,-0.18773654993064628,1.0,False,-1.8643175154635383,0.08,False,-1.350671968685537,0.2,False,-0.2845640602648518,0.98,False,-1.3117844135568844,0.18,False,-0.4633005784793667,0.62,False,-0.004659474797672524,0.78,False,-0.5105433762165166,0.7,False,-0.6332861969842603,0.6,False,-0.40755909322709216,0.86,False,-1.2212484751799069,0.22,False,-0.4990044057671365,0.6,False,-0.42056134929094924,0.82,False,-0.8653738962577746,0.38,False,-0.02912847475472586,0.82,False
Mesosiderite,136,4.899626723402749,8.083546365036048,0.984062059238364,136,0,-0.6595424227919247,0.52,False,1.8696981337649887,0.08,False,1.8343744384788683,0.0,False,-0.6023417149959458,0.62,False,0.8288908072639136,0.42,False,0.6739517418154685,0.44,False,-0.26546925201226995,0.96,False,2.1360632042619687,0.08,False,0.6892096325304093,0.46,False,-0.7216258582681613,0.58,False,1.0408000484728197,0.26,False,0.6276857907899279,0.48,False,-0.41856399489981827,0.88,False,0.8113009865193852,0.52,False,0.5336911098540874,0.6,False
CK4,75,4.57919931908902,5.961022585011746,0.927007299270073,75,0,-0.4200592325843892,0.86,False,-0.3065133322033163,0.8,False,0.03685346723230434,1.0,False,-0.22249448970553548,0.94,False,0.3795951095211349,0.52,False,-0.20025646638014716,0.86,False,-0.39973799702526785,0.82,False,0.46434879939435,0.64,False,-0.37962086517076127,0.72,False,-0.44827374842441037,0.78,False,0.09397589552069915,0.88,False,-0.14803256626150454,0.98,False,-0.22249448970553548,0.94,False,0.3795951095211337,0.52,False,-0.20025646638014716,0.86,False
"Iron, IAB-MG",83,4.978313801485462,6.688425322583066,0.9067546583850932,83,0,-0.24066568679536657,1.0,False,0.2273933799151428,0.74,False,-0.5924040562378966,0.52,False,0.10225120938323179,0.82,False,5.099929048835854,0.0,False,3.697702612390659,0.0,False,-0.24378335430067577,0.94,False,4.101081059254977,0.0,False,1.9603486812937667,0.08,False,-0.0467274460138854,0.8,False,5.295463809050789,0.0,False,3.8155769879710077,0.0,False,0.10225120938323179,0.82,False,5.099929048835852,0.0,False,3.697702612390658,0.0,False
Iron,76,4.160955062839606,11.318392352955792,0.9846330275229357,76,0,-0.4632075667351328,0.82,False,4.559155844442463,0.0,False,1.6341742795834862,0.0,False,-0.3284342803980658,0.86,False,3.4423249803801586,0.02,False,0.13005956645097494,0.94,False,-0.420980736476357,0.9,False,0.8399784946368097,0.38,False,-0.009426658467278134,0.96,False,-0.3473194928402638,0.9,False,3.1684700388879077,0.0,False,0.3103264202729461,0.84,False,-0.3284342803980658,0.86,False,3.4423249803801603,0.02,False,0.1300595664510222,0.94,False
L3.5,88,6.028705937225252,4.960451336799211,0.8875000000000001,88,0,0.2147269472389551,0.78,False,-1.4296028831183247,0.1,False,-1.1572910567843973,0.24,False,0.30489634513199104,0.64,False,-0.37268731344945566,0.88,False,-1.2443505340020449,0.24,False,0.36136942285870016,0.66,False,0.04909800340140069,0.88,False,-1.0392690579076205,0.26,False,0.19228840989496152,0.88,False,-0.23280219066241317,0.92,False,-1.0621829787241273,0.36,False,0.30489634513199104,0.64,False,-0.37268731344945566,0.88,False,-1.2443505340020387,0.24,False
"Iron, ungrouped",113,6.045479589373152,12.59970871586248,0.994,113,0,0.07567524541154039,0.78,False,6.163771762824801,0.0,False,2.1011394577342233,0.0,False,0.17692478832005346,0.78,False,7.856794008683367,0.0,False,2.3313682279592127,0.0,False,0.41005693297278933,0.56,False,3.6686294636400354,0.0,False,1.3837656567661993,0.22,False,0.2083194525616842,0.84,False,6.2599498784000485,0.0,False,2.202093572850945,0.0,False,0.27949814892986313,0.7,False,6.395651270981937,0.0,False,1.9228326147072812,0.0,False
"Iron, IIAB",117,6.687555569568358,7.2812540938018255,0.9612745098039216,117,0,0.2568378134826661,0.74,False,1.0332223596902737,0.28,False,1.108314696803325,0.22,False,0.19914704473890515,0.8,False,5.1103332730316,0.0,False,2.4273723419065645,0.0,False,0.4000072768639117,0.62,False,2.9970252631562886,0.0,False,1.4043741726307881,0.18,False,0.30515868251144324,0.64,False,6.069418267152709,0.0,False,2.574156087759667,0.0,False,0.3493480121038247,0.66,False,4.438410395020162,0.0,False,2.1312635943455622,0.0,False
H,82,6.265453604993182,7.156472178328821,0.9457823991884352,82,0,0.6571765573328318,0.5,False,0.8062180670118524,0.4,False,0.57647458760713,0.62,False,0.626298288226875,0.52,False,0.20380177133439853,0.84,False,-0.22489927337689572,0.88,False,0.3791732868214454,0.64,False,-1.325253575980974,0.24,False,-0.22827285438572933,0.78,False,0.6017900822198355,0.52,False,-0.21106000596321264,0.96,False,-0.2576081713689167,0.82,False,0.6262982882268756,0.52,False,0.20380177133439853,0.84,False,-0.2248992733768849,0.88,False
Aubrite,63,5.960150158471746,11.580652845638692,0.9768605378361477,63,0,0.8261627805886343,0.46,False,4.210055551870106,0.0,False,1.4082790619985954,0.1,False,1.0025518309854544,0.34,False,3.0252437284205125,0.0,False,-1.3054135961675462,0.22,False,0.7359243974855215,0.42,False,1.7645727389657988,0.16,False,-1.3585362694088905,0.08,False,1.0444162159289152,0.38,False,2.525775639207847,0.04,False,-1.493249020929259,0.14,False,1.0025518309854538,0.34,False,3.0252437284205143,0.0,False,-1.3054135961675652,0.22,False
"Iron, IVA",67,6.878253931029109,5.121989321036759,0.8695652173913043,67,0,1.2398460630953387,0.24,False,-0.8806090695464504,0.38,False,-1.603875006893404,0.18,False,1.4034291352117148,0.26,False,2.3770705582247826,0.04,False,1.9990232135981054,0.04,False,1.229447746781897,0.3,False,0.31110821971400504,0.64,False,0.18942218888254858,0.86,False,1.5257459840252539,0.22,False,1.9956083917576033,0.12,False,2.203379583876956,0.02,False,1.4034291352117148,0.26,False,2.3770705582247817,0.04,False,1.9990232135981054,0.04,False
EL6,72,2.9610860292217596,5.824726359355314,0.9293931953700456,72,0,-1.394734001343099,0.08,False,-0.5342224261630611,0.7,False,0.10016360487637799,0.98,False,-1.100690550172607,0.26,False,-0.5443131034178961,0.66,False,0.22041538497257565,0.98,False,-1.2396906729143855,0.24,False,-1.0806403406694285,0.26,False,0.23470615841860018,0.86,False,-1.0677139455623117,0.2,False,-0.851478840842148,0.38,False,0.04294634636342102,0.98,False,-1.1006905501726074,0.26,False,-0.5443131034178952,0.66,False,0.22041538497257565,0.98,False
H4-6,67,3.6188537066686943,4.879780468843685,0.9021226415094339,67,0,-0.9553681642912122,0.38,False,-1.1282370714096872,0.22,False,-0.39147424342845044,0.56,False,-0.7548943325930487,0.48,False,-0.9875428198446755,0.34,False,-0.2798379558455917,0.74,False,-0.15416258955871745,0.92,False,0.264092400534464,0.74,False,-0.2469587680550805,0.7,False,-0.5650680590843075,0.82,False,-0.9606058394576362,0.3,False,-0.32067150480934764,0.66,False,-0.7548943325930491,0.48,False,-0.9875428198446766,0.34,False,-0.27983795584557514,0.74,False
L4/5,59,2.763779353622449,4.224894901821359,0.8621794871794872,59,0,-1.0343290268321759,0.36,False,-1.4296961009931053,0.1,False,-1.312028776483647,0.28,False,-1.1011397623131367,0.22,False,-1.5053477650518785,0.1,False,-0.6028917619807777,0.56,False,-0.5342922278769504,0.68,False,-0.39848842746346214,0.76,False,-0.541881667690292,0.5,False,-0.97067237353002,0.36,False,-1.1075968065102186,0.24,False,-0.632856764601971,0.56,False,-1.1011397623131365,0.22,False,-1.5053477650518785,0.1,False,-0.602891761980775,0.56,False
Achondrite-ung,57,2.475706186713125,5.192069082946794,0.875,57,0,-1.440144988090774,0.08,False,-0.8443908135043234,0.46,False,-1.2066826468641476,0.24,False,-1.2312763251148844,0.1,False,-0.14083141191653584,0.92,False,-0.7235121572501465,0.44,False,-0.9277971934117042,0.36,False,0.5373596978163384,0.52,False,-1.0711603701672847,0.28,False,-1.129310376001053,0.28,False,-0.059988776280014054,0.86,False,-0.8741997026562255,0.42,False,-1.2312763251148844,0.1,False,-0.14083141191653584,0.92,False,-0.7235121572501465,0.44,False
"Iron, IAB complex",51,3.009584780141517,10.753058617064038,0.9922651933701657,51,0,-0.9490170674548752,0.34,False,3.193304178927023,0.0,False,1.561847832437998,0.0,False,-0.7471293221956902,0.54,False,4.851748046037897,0.0,False,1.693122540848996,0.0,False,-0.7122381919795542,0.62,False,3.7506236827194424,0.0,False,1.64924443785537,0.0,False,-0.43674254822435954,0.86,False,5.693217101083301,0.0,False,1.8211668671161023,0.0,False,-0.7471293221956902,0.54,False,4.8517480460379,0.0,False,1.693122540848996,0.0,False
L,50,2.072056694171784,6.767766652932425,0.9632755681818181,50,0,-1.524322856396909,0.14,False,0.15773940987974933,0.8,False,0.8467320371312657,0.4,False,-1.395022964977326,0.04,False,-0.329798965617782,0.84,False,0.5553361648155372,0.54,False,-1.5856814136879667,0.02,False,-1.562920824663046,0.06,False,0.4342976708798136,0.56,False,-1.450534709048046,0.06,False,-0.6724066173328501,0.54,False,0.8429045424042036,0.42,False,-1.395022964977326,0.04,False,-0.329798965617782,0.84,False,0.555336164815564,0.54,False
