recclass,count,unique_names,shannon_obs,shannon_null_mean,shannon_null_std,shannon_effect,shannon_zscore,shannon_pvalue,simpson_obs,simpson_null_mean,simpson_null_std,simpson_effect,simpson_zscore,simpson_pvalue,shannon_fdr_q,simpson_fdr_q
Acapulcoite,54,54,3.988984046564274,3.9889840465642745,4.440892098500626e-16,-4.440892098500626e-16,-1.0,1.0,0.9814814814814815,0.9814814814814813,2.220446049250313e-16,2.220446049250313e-16,1.0,1.0,1.0,1.0
Acapulcoite/Lodranite,6,6,1.791759469228055,1.7917594692280547,2.220446049250313e-16,2.220446049250313e-16,1.0,1.0,0.8333333333333334,0.8333333333333334,0.0,0.0,0.0,1.0,1.0,1.0
Acapulcoite/lodranite,3,3,1.0986122886681096,1.0986122886681091,4.440892098500626e-16,4.440892098500626e-16,1.0,1.0,0.6666666666666667,0.6666666666666666,1.1102230246251565e-16,1.1102230246251565e-16,1.0,1.0,1.0,1.0
Achondrite-prim,9,9,2.1972245773362196,2.197224577336219,4.440892098500626e-16,4.440892098500626e-16,1.0,1.0,0.8888888888888888,0.8888888888888892,3.3306690738754696e-16,-3.3306690738754696e-16,-1.0,1.0,1.0,1.0
Achondrite-ung,57,57,4.043051267834549,4.043051267834549,0.0,0.0,0.0,1.0,0.9824561403508771,0.9824561403508769,2.220446049250313e-16,2.220446049250313e-16,1.0,1.0,1.0,1.0
Angrite,21,21,3.044522437723423,3.044522437723423,0.0,0.0,0.0,1.0,0.9523809523809524,0.9523809523809524,0.0,0.0,0.0,1.0,1.0,1.0
Aubrite,63,63,4.143134726391533,4.143134726391533,0.0,0.0,0.0,1.0,0.9841269841269842,0.9841269841269842,0.0,0.0,0.0,1.0,1.0,1.0
Aubrite-an,6,6,1.791759469228055,1.7917594692280547,2.220446049250313e-16,2.220446049250313e-16,1.0,1.0,0.8333333333333334,0.8333333333333334,0.0,0.0,0.0,1.0,1.0,1.0
Brachinite,33,33,3.4965075614664802,3.4965075614664802,0.0,0.0,0.0,1.0,0.9696969696969697,0.9696969696969694,3.3306690738754696e-16,3.3306690738754696e-16,1.0,1.0,1.0,1.0
C,8,8,2.0794415416798357,2.0794415416798357,0.0,0.0,0.0,1.0,0.875,0.875,0.0,0.0,0.0,1.0,1.0,1.0
C1-ung,1,1,-0.0,0.0,0.0,-0.0,0.0,1.0,0.0,0.0,0.0,0.0,0.0,1.0,1.0,1.0
C1/2-ung,1,1,-0.0,0.0,0.0,-0.0,0.0,1.0,0.0,0.0,0.0,0.0,0.0,1.0,1.0,1.0
C2,1,1,-0.0,0.0,0.0,-0.0,0.0,1.0,0.0,0.0,0.0,0.0,0.0,1.0,1.0,1.0
C2-ung,14,14,2.6390573296152584,2.639057329615258,4.440892098500626e-16,4.440892098500626e-16,1.0,1.0,0.9285714285714286,0.9285714285714288,2.220446049250313e-16,-2.220446049250313e-16,-1.0,1.0,1.0,1.0
C3-ung,12,12,2.4849066497880004,2.484906649788001,4.440892098500626e-16,-4.440892098500626e-16,-1.0,1.0,0.9166666666666666,0.9166666666666665,1.1102230246251565e-16,1.1102230246251565e-16,1.0,1.0,1.0,1.0
C3.0-ung,1,1,-0.0,0.0,0.0,-0.0,0.0,1.0,0.0,0.0,0.0,0.0,0.0,1.0,1.0,1.0
C3/4-ung,1,1,-0.0,0.0,0.0,-0.0,0.0,1.0,0.0,0.0,0.0,0.0,0.0,1.0,1.0,1.0
C4,2,2,0.6931471805599453,0.6931471805599454,1.1102230246251565e-16,-1.1102230246251565e-16,-1.0,1.0,0.5,0.5,0.0,0.0,0.0,1.0,1.0,1.0
C4-ung,3,3,1.0986122886681096,1.0986122886681091,4.440892098500626e-16,4.440892098500626e-16,1.0,1.0,0.6666666666666667,0.6666666666666666,1.1102230246251565e-16,1.1102230246251565e-16,1.0,1.0,1.0,1.0
C4/5,1,1,-0.0,0.0,0.0,-0.0,0.0,1.0,0.0,0.0,0.0,0.0,0.0,1.0,1.0,1.0
C5/6-ung,1,1,-0.0,0.0,0.0,-0.0,0.0,1.0,0.0,0.0,0.0,0.0,0.0,1.0,1.0,1.0
C6,2,2,0.6931471805599453,0.6931471805599454,1.1102230246251565e-16,-1.1102230246251565e-16,-1.0,1.0,0.5,0.5,0.0,0.0,0.0,1.0,1.0,1.0
CB,8,8,2.0794415416798357,2.0794415416798357,0.0,0.0,0.0,1.0,0.875,0.875,0.0,0.0,0.0,1.0,1.0,1.0
CBa,5,5,1.6094379124341005,1.6094379124340998,6.661338147750939e-16,6.661338147750939e-16,1.0,1.0,0.7999999999999999,0.8,1.1102230246251565e-16,-1.1102230246251565e-16,-1.0,1.0,1.0,1.0
CBb,5,5,1.6094379124341005,1.6094379124340998,6.661338147750939e-16,6.661338147750939e-16,1.0,1.0,0.7999999999999999,0.8,1.1102230246251565e-16,-1.1102230246251565e-16,-1.0,1.0,1.0,1.0
CH/CBb,1,1,-0.0,0.0,0.0,-0.0,0.0,1.0,0.0,0.0,0.0,0.0,0.0,1.0,1.0,1.0
CH3,21,21,3.044522437723423,3.044522437723423,0.0,0.0,0.0,1.0,0.9523809523809524,0.9523809523809524,0.0,0.0,0.0,1.0,1.0,1.0
CH3 ,1,1,-0.0,0.0,0.0,-0.0,0.0,1.0,0.0,0.0,0.0,0.0,0.0,1.0,1.0,1.0
CI1,9,9,2.1972245773362196,2.197224577336219,4.440892098500626e-16,4.440892098500626e-16,1.0,1.0,0.8888888888888888,0.8888888888888892,3.3306690738754696e-16,-3.3306690738754696e-16,-1.0,1.0,1.0,1.0
CK,3,3,1.0986122886681096,1.0986122886681091,4.440892098500626e-16,4.440892098500626e-16,1.0,1.0,0.6666666666666667,0.6666666666666666,1.1102230246251565e-16,1.1102230246251565e-16,1.0,1.0,1.0,1.0
CK3,13,13,2.564949357461537,2.5649493574615367,4.440892098500626e-16,4.440892098500626e-16,1.0,1.0,0.9230769230769231,0.9230769230769232,1.1102230246251565e-16,-1.1102230246251565e-16,-1.0,1.0,1.0,1.0
CK3-an,3,3,1.0986122886681096,1.0986122886681091,4.440892098500626e-16,4.440892098500626e-16,1.0,1.0,0.6666666666666667,0.6666666666666666,1.1102230246251565e-16,1.1102230246251565e-16,1.0,1.0,1.0,1.0
CK3.8,1,1,-0.0,0.0,0.0,-0.0,0.0,1.0,0.0,0.0,0.0,0.0,0.0,1.0,1.0,1.0
CK3/4,1,1,-0.0,0.0,0.0,-0.0,0.0,1.0,0.0,0.0,0.0,0.0,0.0,1.0,1.0,1.0
CK4,75,75,4.31748811353631,4.317488113536311,8.881784197001252e-16,-8.881784197001252e-16,-1.0,1.0,0.9866666666666667,0.9866666666666665,2.220446049250313e-16,2.220446049250313e-16,1.0,1.0,1.0,1.0
CK4-an,3,3,1.0986122886681096,1.0986122886681091,4.440892098500626e-16,4.440892098500626e-16,1.0,1.0,0.6666666666666667,0.6666666666666666,1.1102230246251565e-16,1.1102230246251565e-16,1.0,1.0,1.0,1.0
CK4/5,12,12,2.4849066497880004,2.484906649788001,4.440892098500626e-16,-4.440892098500626e-16,-1.0,1.0,0.9166666666666666,0.9166666666666665,1.1102230246251565e-16,1.1102230246251565e-16,1.0,1.0,1.0,1.0
CK5,94,94,4.543294782270004,4.543294782270004,0.0,0.0,0.0,1.0,0.9893617021276596,0.9893617021276595,1.1102230246251565e-16,1.1102230246251565e-16,1.0,1.0,1.0,1.0
CK5/6,6,6,1.791759469228055,1.7917594692280547,2.220446049250313e-16,2.220446049250313e-16,1.0,1.0,0.8333333333333334,0.8333333333333334,0.0,0.0,0.0,1.0,1.0,1.0
CK6,17,17,2.833213344056216,2.8332133440562166,4.440892098500626e-16,-4.440892098500626e-16,-1.0,1.0,0.9411764705882353,0.9411764705882354,1.1102230246251565e-16,-1.1102230246251565e-16,-1.0,1.0,1.0,1.0
CM,4,4,1.3862943611198906,1.3862943611198908,2.220446049250313e-16,-2.220446049250313e-16,-1.0,1.0,0.75,0.75,0.0,0.0,0.0,1.0,1.0,1.0
CM-an,2,2,0.6931471805599453,0.6931471805599454,1.1102230246251565e-16,-1.1102230246251565e-16,-1.0,1.0,0.5,0.5,0.0,0.0,0.0,1.0,1.0,1.0
CM1,19,19,2.9444389791664407,2.9444389791664416,8.881784197001252e-16,-8.881784197001252e-16,-1.0,1.0,0.9473684210526316,0.9473684210526316,0.0,0.0,0.0,1.0,1.0,1.0
CM1/2,18,18,2.8903717578961645,2.890371757896164,4.440892098500626e-16,4.440892098500626e-16,1.0,1.0,0.9444444444444444,0.9444444444444445,1.1102230246251565e-16,-1.1102230246251565e-16,-1.0,1.0,1.0,1.0
CM2,416,416,6.030685260261264,6.030685260261263,8.881784197001252e-16,8.881784197001252e-16,1.0,1.0,0.9975961538461539,0.9975961538461539,0.0,0.0,0.0,1.0,1.0,1.0
CM2-an,1,1,-0.0,0.0,0.0,-0.0,0.0,1.0,0.0,0.0,0.0,0.0,0.0,1.0,1.0,1.0
CO3,335,335,5.814130531825067,5.814130531825067,0.0,0.0,0.0,1.0,0.9970149253731343,0.9970149253731345,2.220446049250313e-16,-2.220446049250313e-16,-1.0,1.0,1.0,1.0
CO3 ,1,1,-0.0,0.0,0.0,-0.0,0.0,1.0,0.0,0.0,0.0,0.0,0.0,1.0,1.0,1.0
CO3.0,4,4,1.3862943611198906,1.3862943611198908,2.220446049250313e-16,-2.220446049250313e-16,-1.0,1.0,0.75,0.75,0.0,0.0,0.0,1.0,1.0,1.0
CO3.1,6,6,1.791759469228055,1.7917594692280547,2.220446049250313e-16,2.220446049250313e-16,1.0,1.0,0.8333333333333334,0.8333333333333334,0.0,0.0,0.0,1.0,1.0,1.0
CO3.2,8,8,2.0794415416798357,2.0794415416798357,0.0,0.0,0.0,1.0,0.875,0.875,0.0,0.0,0.0,1.0,1.0,1.0
CO3.3,7,7,1.9459101490553132,1.9459101490553128,4.440892098500626e-16,4.440892098500626e-16,1.0,1.0,0.8571428571428572,0.8571428571428574,2.220446049250313e-16,-2.220446049250313e-16,-1.0,1.0,1.0,1.0
CO3.4,5,5,1.6094379124341005,1.6094379124340998,6.661338147750939e-16,6.661338147750939e-16,1.0,1.0,0.7999999999999999,0.8,1.1102230246251565e-16,-1.1102230246251565e-16,-1.0,1.0,1.0,1.0
CO3.5,12,12,2.4849066497880004,2.484906649788001,4.440892098500626e-16,-4.440892098500626e-16,-1.0,1.0,0.9166666666666666,0.9166666666666665,1.1102230246251565e-16,1.1102230246251565e-16,1.0,1.0,1.0,1.0
CO3.6,7,7,1.9459101490553132,1.9459101490553128,4.440892098500626e-16,4.440892098500626e-16,1.0,1.0,0.8571428571428572,0.8571428571428574,2.220446049250313e-16,-2.220446049250313e-16,-1.0,1.0,1.0,1.0
CO3.7,1,1,-0.0,0.0,0.0,-0.0,0.0,1.0,0.0,0.0,0.0,0.0,0.0,1.0,1.0,1.0
CO3.8,3,3,1.0986122886681096,1.0986122886681091,4.440892098500626e-16,4.440892098500626e-16,1.0,1.0,0.6666666666666667,0.6666666666666666,1.1102230246251565e-16,1.1102230246251565e-16,1.0,1.0,1.0,1.0
CR,8,8,2.0794415416798357,2.0794415416798357,0.0,0.0,0.0,1.0,0.875,0.875,0.0,0.0,0.0,1.0,1.0,1.0
CR-an,1,1,-0.0,0.0,0.0,-0.0,0.0,1.0,0.0,0.0,0.0,0.0,0.0,1.0,1.0,1.0
CR1,2,2,0.6931471805599453,0.6931471805599454,1.1102230246251565e-16,-1.1102230246251565e-16,-1.0,1.0,0.5,0.5,0.0,0.0,0.0,1.0,1.0,1.0
CR2,135,135,4.90527477843843,4.905274778438429,8.881784197001252e-16,8.881784197001252e-16,1.0,1.0,0.9925925925925926,0.9925925925925924,2.220446049250313e-16,2.220446049250313e-16,1.0,1.0,1.0,1.0
CR2-an,1,1,-0.0,0.0,0.0,-0.0,0.0,1.0,0.0,0.0,0.0,0.0,0.0,1.0,1.0,1.0
CR7,1,1,-0.0,0.0,0.0,-0.0,0.0,1.0,0.0,0.0,0.0,0.0,0.0,1.0,1.0,1.0
CV2,1,1,-0.0,0.0,0.0,-0.0,0.0,1.0,0.0,0.0,0.0,0.0,0.0,1.0,1.0,1.0
CV3,256,256,5.545177444479562,5.545177444479563,8.881784197001252e-16,-8.881784197001252e-16,-1.0,1.0,0.99609375,0.99609375,0.0,0.0,0.0,1.0,1.0,1.0
CV3-an,4,4,1.3862943611198906,1.3862943611198908,2.220446049250313e-16,-2.220446049250313e-16,-1.0,1.0,0.75,0.75,0.0,0.0,0.0,1.0,1.0,1.0
Chondrite-fusion crust,4,4,1.3862943611198906,1.3862943611198908,2.220446049250313e-16,-2.220446049250313e-16,-1.0,1.0,0.75,0.75,0.0,0.0,0.0,1.0,1.0,1.0
Chondrite-ung,15,15,2.70805020110221,2.70805020110221,0.0,0.0,0.0,1.0,0.9333333333333333,0.9333333333333335,1.1102230246251565e-16,-1.1102230246251565e-16,-1.0,1.0,1.0,1.0
Diogenite,241,241,5.484796933490655,5.484796933490656,8.881784197001252e-16,-8.881784197001252e-16,-1.0,1.0,0.995850622406639,0.995850622406639,0.0,0.0,0.0,1.0,1.0,1.0
Diogenite-an,3,3,1.0986122886681096,1.0986122886681091,4.440892098500626e-16,4.440892098500626e-16,1.0,1.0,0.6666666666666667,0.6666666666666666,1.1102230246251565e-16,1.1102230246251565e-16,1.0,1.0,1.0,1.0
Diogenite-olivine,9,9,2.1972245773362196,2.197224577336219,4.440892098500626e-16,4.440892098500626e-16,1.0,1.0,0.8888888888888888,0.8888888888888892,3.3306690738754696e-16,-3.3306690738754696e-16,-1.0,1.0,1.0,1.0
Diogenite-pm,11,11,2.3978952727983707,2.3978952727983716,8.881784197001252e-16,-8.881784197001252e-16,-1.0,1.0,0.9090909090909091,0.9090909090909087,3.3306690738754696e-16,3.3306690738754696e-16,1.0,1.0,1.0,1.0
E,7,7,1.9459101490553132,1.9459101490553128,4.440892098500626e-16,4.440892098500626e-16,1.0,1.0,0.8571428571428572,0.8571428571428574,2.220446049250313e-16,-2.220446049250313e-16,-1.0,1.0,1.0,1.0
E-an,5,5,1.6094379124341005,1.6094379124340998,6.661338147750939e-16,6.661338147750939e-16,1.0,1.0,0.7999999999999999,0.8,1.1102230246251565e-16,-1.1102230246251565e-16,-1.0,1.0,1.0,1.0
E3,206,206,5.32787616878958,5.32787616878958,0.0,0.0,0.0,1.0,0.9951456310679612,0.9951456310679613,1.1102230246251565e-16,-1.1102230246251565e-16,-1.0,1.0,1.0,1.0
E3-an,6,6,1.791759469228055,1.7917594692280547,2.220446049250313e-16,2.220446049250313e-16,1.0,1.0,0.8333333333333334,0.8333333333333334,0.0,0.0,0.0,1.0,1.0,1.0
E4,4,4,1.3862943611198906,1.3862943611198908,2.220446049250313e-16,-2.220446049250313e-16,-1.0,1.0,0.75,0.75,0.0,0.0,0.0,1.0,1.0,1.0
E5,5,5,1.6094379124341005,1.6094379124340998,6.661338147750939e-16,6.661338147750939e-16,1.0,1.0,0.7999999999999999,0.8,1.1102230246251565e-16,-1.1102230246251565e-16,-1.0,1.0,1.0,1.0
E5-an,1,1,-0.0,0.0,0.0,-0.0,0.0,1.0,0.0,0.0,0.0,0.0,0.0,1.0,1.0,1.0
E6,9,9,2.1972245773362196,2.197224577336219,4.440892098500626e-16,4.440892098500626e-16,1.0,1.0,0.8888888888888888,0.8888888888888892,3.3306690738754696e-16,-3.3306690738754696e-16,-1.0,1.0,1.0,1.0
EH,2,2,0.6931471805599453,0.6931471805599454,1.1102230246251565e-16,-1.1102230246251565e-16,-1.0,1.0,0.5,0.5,0.0,0.0,0.0,1.0,1.0,1.0
EH-imp melt,6,6,1.791759469228055,1.7917594692280547,2.220446049250313e-16,2.220446049250313e-16,1.0,1.0,0.8333333333333334,0.8333333333333334,0.0,0.0,0.0,1.0,1.0,1.0
EH3,120,120,4.787491742782046,4.787491742782047,8.881784197001252e-16,-8.881784197001252e-16,-1.0,1.0,0.9916666666666667,0.9916666666666669,2.220446049250313e-16,-2.220446049250313e-16,-1.0,1.0,1.0,1.0
EH3/4-an,1,1,-0.0,0.0,0.0,-0.0,0.0,1.0,0.0,0.0,0.0,0.0,0.0,1.0,1.0,1.0
EH4,18,18,2.8903717578961645,2.890371757896164,4.440892098500626e-16,4.440892098500626e-16,1.0,1.0,0.9444444444444444,0.9444444444444445,1.1102230246251565e-16,-1.1102230246251565e-16,-1.0,1.0,1.0,1.0
EH4/5,9,9,2.1972245773362196,2.197224577336219,4.440892098500626e-16,4.440892098500626e-16,1.0,1.0,0.8888888888888888,0.8888888888888892,3.3306690738754696e-16,-3.3306690738754696e-16,-1.0,1.0,1.0,1.0
EH5,6,6,1.791759469228055,1.7917594692280547,2.220446049250313e-16,2.220446049250313e-16,1.0,1.0,0.8333333333333334,0.8333333333333334,0.0,0.0,0.0,1.0,1.0,1.0
EH6,5,5,1.6094379124341005,1.6094379124340998,6.661338147750939e-16,6.661338147750939e-16,1.0,1.0,0.7999999999999999,0.8,1.1102230246251565e-16,-1.1102230246251565e-16,-1.0,1.0,1.0,1.0
EH6-an,1,1,-0.0,0.0,0.0,-0.0,0.0,1.0,0.0,0.0,0.0,0.0,0.0,1.0,1.0,1.0
EH7,1,1,-0.0,0.0,0.0,-0.0,0.0,1.0,0.0,0.0,0.0,0.0,0.0,1.0,1.0,1.0
EH7-an,1,1,-0.0,0.0,0.0,-0.0,0.0,1.0,0.0,0.0,0.0,0.0,0.0,1.0,1.0,1.0
EL-melt rock,2,2,0.6931471805599453,0.6931471805599454,1.1102230246251565e-16,-1.1102230246251565e-16,-1.0,1.0,0.5,0.5,0.0,0.0,0.0,1.0,1.0,1.0
EL3,19,19,2.9444389791664407,2.9444389791664416,8.881784197001252e-16,-8.881784197001252e-16,-1.0,1.0,0.9473684210526316,0.9473684210526316,0.0,0.0,0.0,1.0,1.0,1.0
EL3/4,1,1,-0.0,0.0,0.0,-0.0,0.0,1.0,0.0,0.0,0.0,0.0,0.0,1.0,1.0,1.0
EL4,13,13,2.564949357461537,2.5649493574615367,4.440892098500626e-16,4.440892098500626e-16,1.0,1.0,0.9230769230769231,0.9230769230769232,1.1102230246251565e-16,-1.1102230246251565e-16,-1.0,1.0,1.0,1.0
EL4/5,1,1,-0.0,0.0,0.0,-0.0,0.0,1.0,0.0,0.0,0.0,0.0,0.0,1.0,1.0,1.0
EL5,6,6,1.791759469228055,1.7917594692280547,2.220446049250313e-16,2.220446049250313e-16,1.0,1.0,0.8333333333333334,0.8333333333333334,0.0,0.0,0.0,1.0,1.0,1.0
EL6,72,72,4.276666119016055,4.276666119016055,0.0,0.0,0.0,1.0,0.9861111111111112,0.9861111111111108,3.3306690738754696e-16,3.3306690738754696e-16,1.0,1.0,1.0,1.0
EL6 ,1,1,-0.0,0.0,0.0,-0.0,0.0,1.0,0.0,0.0,0.0,0.0,0.0,1.0,1.0,1.0
EL6/7,2,2,0.6931471805599453,0.6931471805599454,1.1102230246251565e-16,-1.1102230246251565e-16,-1.0,1.0,0.5,0.5,0.0,0.0,0.0,1.0,1.0,1.0
EL7,1,1,-0.0,0.0,0.0,-0.0,0.0,1.0,0.0,0.0,0.0,0.0,0.0,1.0,1.0,1.0
Enst achon,3,3,1.0986122886681096,1.0986122886681091,4.440892098500626e-16,4.440892098500626e-16,1.0,1.0,0.6666666666666667,0.6666666666666666,1.1102230246251565e-16,1.1102230246251565e-16,1.0,1.0,1.0,1.0
Enst achon-ung,3,3,1.0986122886681096,1.0986122886681091,4.440892098500626e-16,4.440892098500626e-16,1.0,1.0,0.6666666666666667,0.6666666666666666,1.1102230246251565e-16,1.1102230246251565e-16,1.0,1.0,1.0,1.0
Eucrite,221,221,5.398162701517753,5.3981627015177525,8.881784197001252e-16,8.881784197001252e-16,1.0,1.0,0.995475113122172,0.995475113122172,0.0,0.0,0.0,1.0,1.0,1.0
Eucrite-Mg rich,4,4,1.3862943611198906,1.3862943611198908,2.220446049250313e-16,-2.220446049250313e-16,-1.0,1.0,0.75,0.75,0.0,0.0,0.0,1.0,1.0,1.0
Eucrite-an,3,3,1.0986122886681096,1.0986122886681091,4.440892098500626e-16,4.440892098500626e-16,1.0,1.0,0.6666666666666667,0.6666666666666666,1.1102230246251565e-16,1.1102230246251565e-16,1.0,1.0,1.0,1.0
Eucrite-br,80,80,4.382026634673881,4.38202663467388,8.881784197001252e-16,8.881784197001252e-16,1.0,1.0,0.9875,0.9875000000000003,2.220446049250313e-16,-2.220446049250313e-16,-1.0,1.0,1.0,1.0
Eucrite-cm,26,26,3.2580965380214826,3.258096538021483,4.440892098500626e-16,-4.440892098500626e-16,-1.0,1.0,0.9615384615384616,0.9615384615384616,0.0,0.0,0.0,1.0,1.0,1.0
Eucrite-mmict,108,108,4.682131227124219,4.682131227124219,0.0,0.0,0.0,1.0,0.9907407407407407,0.9907407407407407,0.0,0.0,0.0,1.0,1.0,1.0
Eucrite-pmict,207,207,5.332718793265369,5.33271879326537,8.881784197001252e-16,-8.881784197001252e-16,-1.0,1.0,0.9951690821256038,0.9951690821256035,3.3306690738754696e-16,3.3306690738754696e-16,1.0,1.0,1.0,1.0
Eucrite-unbr,32,32,3.4657359027997265,3.465735902799727,4.440892098500626e-16,-4.440892098500626e-16,-1.0,1.0,0.96875,0.96875,0.0,0.0,0.0,1.0,1.0,1.0
Fusion crust,4,4,1.3862943611198906,1.3862943611198908,2.220446049250313e-16,-2.220446049250313e-16,-1.0,1.0,0.75,0.75,0.0,0.0,0.0,1.0,1.0,1.0
H,84,84,4.430816798843313,4.4308167988433125,8.881784197001252e-16,8.881784197001252e-16,1.0,1.0,0.9880952380952381,0.9880952380952378,3.3306690738754696e-16,3.3306690738754696e-16,1.0,1.0,1.0,1.0
H(5?),2,2,0.6931471805599453,0.6931471805599454,1.1102230246251565e-16,-1.1102230246251565e-16,-1.0,1.0,0.5,0.5,0.0,0.0,0.0,1.0,1.0,1.0
H(?)4,1,1,-0.0,0.0,0.0,-0.0,0.0,1.0,0.0,0.0,0.0,0.0,0.0,1.0,1.0,1.0
H(L)3,2,2,0.6931471805599453,0.6931471805599454,1.1102230246251565e-16,-1.1102230246251565e-16,-1.0,1.0,0.5,0.5,0.0,0.0,0.0,1.0,1.0,1.0
H(L)3-an,1,1,-0.0,0.0,0.0,-0.0,0.0,1.0,0.0,0.0,0.0,0.0,0.0,1.0,1.0,1.0
H-an,4,4,1.3862943611198906,1.3862943611198908,2.220446049250313e-16,-2.220446049250313e-16,-1.0,1.0,0.75,0.75,0.0,0.0,0.0,1.0,1.0,1.0
H-imp melt,11,11,2.3978952727983707,2.3978952727983716,8.881784197001252e-16,-8.881784197001252e-16,-1.0,1.0,0.9090909090909091,0.9090909090909087,3.3306690738754696e-16,3.3306690738754696e-16,1.0,1.0,1.0,1.0
H-melt breccia,4,4,1.3862943611198906,1.3862943611198908,2.220446049250313e-16,-2.220446049250313e-16,-1.0,1.0,0.75,0.75,0.0,0.0,0.0,1.0,1.0,1.0
H-melt rock,8,8,2.0794415416798357,2.0794415416798357,0.0,0.0,0.0,1.0,0.875,0.875,0.0,0.0,0.0,1.0,1.0,1.0
H-metal,6,6,1.791759469228055,1.7917594692280547,2.220446049250313e-16,2.220446049250313e-16,1.0,1.0,0.8333333333333334,0.8333333333333334,0.0,0.0,0.0,1.0,1.0,1.0
H/L3,6,6,1.791759469228055,1.7917594692280547,2.220446049250313e-16,2.220446049250313e-16,1.0,1.0,0.8333333333333334,0.8333333333333334,0.0,0.0,0.0,1.0,1.0,1.0
H/L3-4,1,1,-0.0,0.0,0.0,-0.0,0.0,1.0,0.0,0.0,0.0,0.0,0.0,1.0,1.0,1.0
H/L3.5,1,1,-0.0,0.0,0.0,-0.0,0.0,1.0,0.0,0.0,0.0,0.0,0.0,1.0,1.0,1.0
H/L3.6,1,1,-0.0,0.0,0.0,-0.0,0.0,1.0,0.0,0.0,0.0,0.0,0.0,1.0,1.0,1.0
H/L3.7,1,1,-0.0,0.0,0.0,-0.0,0.0,1.0,0.0,0.0,0.0,0.0,0.0,1.0,1.0,1.0
H/L3.9,1,1,-0.0,0.0,0.0,-0.0,0.0,1.0,0.0,0.0,0.0,0.0,0.0,1.0,1.0,1.0
H/L4,13,13,2.564949357461537,2.5649493574615367,4.440892098500626e-16,4.440892098500626e-16,1.0,1.0,0.9230769230769231,0.9230769230769232,1.1102230246251565e-16,-1.1102230246251565e-16,-1.0,1.0,1.0,1.0
H/L4-5,1,1,-0.0,0.0,0.0,-0.0,0.0,1.0,0.0,0.0,0.0,0.0,0.0,1.0,1.0,1.0
H/L4/5,1,1,-0.0,0.0,0.0,-0.0,0.0,1.0,0.0,0.0,0.0,0.0,0.0,1.0,1.0,1.0
H/L5,7,7,1.9459101490553132,1.9459101490553128,4.440892098500626e-16,4.440892098500626e-16,1.0,1.0,0.8571428571428572,0.8571428571428574,2.220446049250313e-16,-2.220446049250313e-16,-1.0,1.0,1.0,1.0
H/L6,11,11,2.3978952727983707,2.3978952727983716,8.881784197001252e-16,-8.881784197001252e-16,-1.0,1.0,0.9090909090909091,0.9090909090909087,3.3306690738754696e-16,3.3306690738754696e-16,1.0,1.0,1.0,1.0
H/L6-melt rock,1,1,-0.0,0.0,0.0,-0.0,0.0,1.0,0.0,0.0,0.0,0.0,0.0,1.0,1.0,1.0
H/L~4,1,1,-0.0,0.0,0.0,-0.0,0.0,1.0,0.0,0.0,0.0,0.0,0.0,1.0,1.0,1.0
H3,386,386,5.955837369464831,5.955837369464831,0.0,0.0,0.0,1.0,0.9974093264248705,0.9974093264248705,0.0,0.0,0.0,1.0,1.0,1.0
H3 ,1,1,-0.0,0.0,0.0,-0.0,0.0,1.0,0.0,0.0,0.0,0.0,0.0,1.0,1.0,1.0
H3-4,10,10,2.3025850929940455,2.302585092994045,4.440892098500626e-16,4.440892098500626e-16,1.0,1.0,0.9,0.9000000000000002,2.220446049250313e-16,-2.220446049250313e-16,-1.0,1.0,1.0,1.0
H3-5,39,39,3.663561646129646,3.663561646129645,8.881784197001252e-16,8.881784197001252e-16,1.0,1.0,0.9743589743589743,0.9743589743589743,0.0,0.0,0.0,1.0,1.0,1.0
H3-6,43,43,3.761200115693562,3.761200115693562,0.0,0.0,0.0,1.0,0.9767441860465116,0.9767441860465117,1.1102230246251565e-16,-1.1102230246251565e-16,-1.0,1.0,1.0,1.0
H3-an,1,1,-0.0,0.0,0.0,-0.0,0.0,1.0,0.0,0.0,0.0,0.0,0.0,1.0,1.0,1.0
H3.0,3,3,1.0986122886681096,1.0986122886681091,4.440892098500626e-16,4.440892098500626e-16,1.0,1.0,0.6666666666666667,0.6666666666666666,1.1102230246251565e-16,1.1102230246251565e-16,1.0,1.0,1.0,1.0
H3.0-3.4,1,1,-0.0,0.0,0.0,-0.0,0.0,1.0,0.0,0.0,0.0,0.0,0.0,1.0,1.0,1.0
H3.05,2,2,0.6931471805599453,0.6931471805599454,1.1102230246251565e-16,-1.1102230246251565e-16,-1.0,1.0,0.5,0.5,0.0,0.0,0.0,1.0,1.0,1.0
H3.1,2,2,0.6931471805599453,0.6931471805599454,1.1102230246251565e-16,-1.1102230246251565e-16,-1.0,1.0,0.5,0.5,0.0,0.0,0.0,1.0,1.0,1.0
H3.10,2,2,0.6931471805599453,0.6931471805599454,1.1102230246251565e-16,-1.1102230246251565e-16,-1.0,1.0,0.5,0.5,0.0,0.0,0.0,1.0,1.0,1.0
H3.15,1,1,-0.0,0.0,0.0,-0.0,0.0,1.0,0.0,0.0,0.0,0.0,0.0,1.0,1.0,1.0
H3.2,2,2,0.6931471805599453,0.6931471805599454,1.1102230246251565e-16,-1.1102230246251565e-16,-1.0,1.0,0.5,0.5,0.0,0.0,0.0,1.0,1.0,1.0
H3.2-3.7,1,1,-0.0,0.0,0.0,-0.0,0.0,1.0,0.0,0.0,0.0,0.0,0.0,1.0,1.0,1.0
H3.2-6,1,1,-0.0,0.0,0.0,-0.0,0.0,1.0,0.0,0.0,0.0,0.0,0.0,1.0,1.0,1.0
H3.2-an,3,3,1.0986122886681096,1.0986122886681091,4.440892098500626e-16,4.440892098500626e-16,1.0,1.0,0.6666666666666667,0.6666666666666666,1.1102230246251565e-16,1.1102230246251565e-16,1.0,1.0,1.0,1.0
H3.3,7,7,1.9459101490553132,1.9459101490553128,4.440892098500626e-16,4.440892098500626e-16,1.0,1.0,0.8571428571428572,0.8571428571428574,2.220446049250313e-16,-2.220446049250313e-16,-1.0,1.0,1.0,1.0
H3.4,16,16,2.772588722239781,2.7725887222397816,4.440892098500626e-16,-4.440892098500626e-16,-1.0,1.0,0.9375,0.9375,0.0,0.0,0.0,1.0,1.0,1.0
H3.4-5,1,1,-0.0,0.0,0.0,-0.0,0.0,1.0,0.0,0.0,0.0,0.0,0.0,1.0,1.0,1.0
H3.4/3.5,1,1,-0.0,0.0,0.0,-0.0,0.0,1.0,0.0,0.0,0.0,0.0,0.0,1.0,1.0,1.0
H3.5,18,18,2.8903717578961645,2.890371757896164,4.440892098500626e-16,4.440892098500626e-16,1.0,1.0,0.9444444444444444,0.9444444444444445,1.1102230246251565e-16,-1.1102230246251565e-16,-1.0,1.0,1.0,1.0
H3.5-4,1,1,-0.0,0.0,0.0,-0.0,0.0,1.0,0.0,0.0,0.0,0.0,0.0,1.0,1.0,1.0
H3.6,42,42,3.7376696182833684,3.7376696182833693,8.881784197001252e-16,-8.881784197001252e-16,-1.0,1.0,0.9761904761904762,0.9761904761904762,0.0,0.0,0.0,1.0,1.0,1.0
H3.6-6,2,2,0.6931471805599453,0.6931471805599454,1.1102230246251565e-16,-1.1102230246251565e-16,-1.0,1.0,0.5,0.5,0.0,0.0,0.0,1.0,1.0,1.0
H3.7,75,75,4.31748811353631,4.317488113536311,8.881784197001252e-16,-8.881784197001252e-16,-1.0,1.0,0.9866666666666667,0.9866666666666665,2.220446049250313e-16,2.220446049250313e-16,1.0,1.0,1.0,1.0
H3.7-5,2,2,0.6931471805599453,0.6931471805599454,1.1102230246251565e-16,-1.1102230246251565e-16,-1.0,1.0,0.5,0.5,0.0,0.0,0.0,1.0,1.0,1.0
H3.7-6,1,1,-0.0,0.0,0.0,-0.0,0.0,1.0,0.0,0.0,0.0,0.0,0.0,1.0,1.0,1.0
H3.7/3.8,1,1,-0.0,0.0,0.0,-0.0,0.0,1.0,0.0,0.0,0.0,0.0,0.0,1.0,1.0,1.0
H3.8,76,76,4.330733340286331,4.330733340286329,1.7763568394002505e-15,1.7763568394002505e-15,1.0,1.0,0.9868421052631579,0.9868421052631577,1.1102230246251565e-16,1.1102230246251565e-16,1.0,1.0,1.0,1.0
H3.8-4,1,1,-0.0,0.0,0.0,-0.0,0.0,1.0,0.0,0.0,0.0,0.0,0.0,1.0,1.0,1.0
H3.8-5,1,1,-0.0,0.0,0.0,-0.0,0.0,1.0,0.0,0.0,0.0,0.0,0.0,1.0,1.0,1.0
H3.8-6,2,2,0.6931471805599453,0.6931471805599454,1.1102230246251565e-16,-1.1102230246251565e-16,-1.0,1.0,0.5,0.5,0.0,0.0,0.0,1.0,1.0,1.0
H3.8-an,2,2,0.6931471805599453,0.6931471805599454,1.1102230246251565e-16,-1.1102230246251565e-16,-1.0,1.0,0.5,0.5,0.0,0.0,0.0,1.0,1.0,1.0
H3.8/3.9,1,1,-0.0,0.0,0.0,-0.0,0.0,1.0,0.0,0.0,0.0,0.0,0.0,1.0,1.0,1.0
H3.8/4,2,2,0.6931471805599453,0.6931471805599454,1.1102230246251565e-16,-1.1102230246251565e-16,-1.0,1.0,0.5,0.5,0.0,0.0,0.0,1.0,1.0,1.0
H3.9,43,43,3.761200115693562,3.761200115693562,0.0,0.0,0.0,1.0,0.9767441860465116,0.9767441860465117,1.1102230246251565e-16,-1.1102230246251565e-16,-1.0,1.0,1.0,1.0
H3.9-5,2,2,0.6931471805599453,0.6931471805599454,1.1102230246251565e-16,-1.1102230246251565e-16,-1.0,1.0,0.5,0.5,0.0,0.0,0.0,1.0,1.0,1.0
H3.9-6,4,4,1.3862943611198906,1.3862943611198908,2.220446049250313e-16,-2.220446049250313e-16,-1.0,1.0,0.75,0.75,0.0,0.0,0.0,1.0,1.0,1.0
H3.9/4,5,5,1.6094379124341005,1.6094379124340998,6.661338147750939e-16,6.661338147750939e-16,1.0,1.0,0.7999999999999999,0.8,1.1102230246251565e-16,-1.1102230246251565e-16,-1.0,1.0,1.0,1.0
H3/4,35,35,3.5553480614894135,3.5553480614894135,0.0,0.0,0.0,1.0,0.9714285714285714,0.9714285714285714,0.0,0.0,0.0,1.0,1.0,1.0
H4,4211,4211,8.345455428161928,8.345455428161928,0.0,0.0,0.0,1.0,0.9997625267157445,0.9997625267157448,3.3306690738754696e-16,-3.3306690738754696e-16,-1.0,1.0,1.0,1.0
H4 ,11,11,2.3978952727983707,2.3978952727983716,8.881784197001252e-16,-8.881784197001252e-16,-1.0,1.0,0.9090909090909091,0.9090909090909087,3.3306690738754696e-16,3.3306690738754696e-16,1.0,1.0,1.0,1.0
H4(?),1,1,-0.0,0.0,0.0,-0.0,0.0,1.0,0.0,0.0,0.0,0.0,0.0,1.0,1.0,1.0
H4-5,47,47,3.8501476017100584,3.8501476017100575,8.881784197001252e-16,8.881784197001252e-16,1.0,1.0,0.9787234042553191,0.9787234042553193,2.220446049250313e-16,-2.220446049250313e-16,-1.0,1.0,1.0,1.0
H4-6,67,67,4.204692619390966,4.204692619390967,8.881784197001252e-16,-8.881784197001252e-16,-1.0,1.0,0.9850746268656716,0.9850746268656715,1.1102230246251565e-16,1.1102230246251565e-16,1.0,1.0,1.0,1.0
H4-an,10,10,2.3025850929940455,2.302585092994045,4.440892098500626e-16,4.440892098500626e-16,1.0,1.0,0.9,0.9000000000000002,2.220446049250313e-16,-2.220446049250313e-16,-1.0,1.0,1.0,1.0
H4-melt breccia,1,1,-0.0,0.0,0.0,-0.0,0.0,1.0,0.0,0.0,0.0,0.0,0.0,1.0,1.0,1.0
H4/5,428,428,6.059123195581797,6.059123195581795,1.7763568394002505e-15,1.7763568394002505e-15,1.0,1.0,0.9976635514018691,0.9976635514018692,1.1102230246251565e-16,-1.1102230246251565e-16,-1.0,1.0,1.0,1.0
H4/6,6,6,1.791759469228055,1.7917594692280547,2.220446049250313e-16,2.220446049250313e-16,1.0,1.0,0.8333333333333334,0.8333333333333334,0.0,0.0,0.0,1.0,1.0,1.0
H5,7142,7142,8.873748128154393,8.87374812815439,3.552713678800501e-15,3.552713678800501e-15,1.0,1.0,0.9998599831979837,0.9998599831979841,3.3306690738754696e-16,-3.3306690738754696e-16,-1.0,1.0,1.0,1.0
H5 ,22,22,3.091042453358316,3.0910424533583156,4.440892098500626e-16,4.440892098500626e-16,1.0,1.0,0.9545454545454546,0.9545454545454548,2.220446049250313e-16,-2.220446049250313e-16,-1.0,1.0,1.0,1.0
H5-6,63,63,4.143134726391533,4.143134726391533,0.0,0.0,0.0,1.0,0.9841269841269842,0.9841269841269842,0.0,0.0,0.0,1.0,1.0,1.0
H5-7,1,1,-0.0,0.0,0.0,-0.0,0.0,1.0,0.0,0.0,0.0,0.0,0.0,1.0,1.0,1.0
H5-an,2,2,0.6931471805599453,0.6931471805599454,1.1102230246251565e-16,-1.1102230246251565e-16,-1.0,1.0,0.5,0.5,0.0,0.0,0.0,1.0,1.0,1.0
H5-melt breccia,4,4,1.3862943611198906,1.3862943611198908,2.220446049250313e-16,-2.220446049250313e-16,-1.0,1.0,0.75,0.75,0.0,0.0,0.0,1.0,1.0,1.0
H5/6,193,193,5.262690188904886,5.262690188904885,8.881784197001252e-16,8.881784197001252e-16,1.0,1.0,0.9948186528497409,0.9948186528497409,0.0,0.0,0.0,1.0,1.0,1.0
H6,4528,4528,8.41803561988302,8.418035619883016,3.552713678800501e-15,3.552713678800501e-15,1.0,1.0,0.9997791519434629,0.9997791519434626,3.3306690738754696e-16,3.3306690738754696e-16,1.0,1.0,1.0,1.0
H6 ,1,1,-0.0,0.0,0.0,-0.0,0.0,1.0,0.0,0.0,0.0,0.0,0.0,1.0,1.0,1.0
H6-melt breccia,3,3,1.0986122886681096,1.0986122886681091,4.440892098500626e-16,4.440892098500626e-16,1.0,1.0,0.6666666666666667,0.6666666666666666,1.1102230246251565e-16,1.1102230246251565e-16,1.0,1.0,1.0,1.0
H6/7,2,2,0.6931471805599453,0.6931471805599454,1.1102230246251565e-16,-1.1102230246251565e-16,-1.0,1.0,0.5,0.5,0.0,0.0,0.0,1.0,1.0,1.0
H7,12,12,2.4849066497880004,2.484906649788001,4.440892098500626e-16,-4.440892098500626e-16,-1.0,1.0,0.9166666666666666,0.9166666666666665,1.1102230246251565e-16,1.1102230246251565e-16,1.0,1.0,1.0,1.0
H?,2,2,0.6931471805599453,0.6931471805599454,1.1102230246251565e-16,-1.1102230246251565e-16,-1.0,1.0,0.5,0.5,0.0,0.0,0.0,1.0,1.0,1.0
Howardite,240,240,5.480638923341991,5.48063892334199,8.881784197001252e-16,8.881784197001252e-16,1.0,1.0,0.9958333333333333,0.9958333333333335,1.1102230246251565e-16,-1.1102230246251565e-16,-1.0,1.0,1.0,1.0
Howardite-an,1,1,-0.0,0.0,0.0,-0.0,0.0,1.0,0.0,0.0,0.0,0.0,0.0,1.0,1.0,1.0
H~4,18,18,2.8903717578961645,2.890371757896164,4.440892098500626e-16,4.440892098500626e-16,1.0,1.0,0.9444444444444444,0.9444444444444445,1.1102230246251565e-16,-1.1102230246251565e-16,-1.0,1.0,1.0,1.0
H~4/5,3,3,1.0986122886681096,1.0986122886681091,4.440892098500626e-16,4.440892098500626e-16,1.0,1.0,0.6666666666666667,0.6666666666666666,1.1102230246251565e-16,1.1102230246251565e-16,1.0,1.0,1.0,1.0
H~5,111,111,4.709530201312334,4.709530201312335,8.881784197001252e-16,-8.881784197001252e-16,-1.0,1.0,0.990990990990991,0.9909909909909907,2.220446049250313e-16,2.220446049250313e-16,1.0,1.0,1.0,1.0
H~6,22,22,3.091042453358316,3.0910424533583156,4.440892098500626e-16,4.440892098500626e-16,1.0,1.0,0.9545454545454546,0.9545454545454548,2.220446049250313e-16,-2.220446049250313e-16,-1.0,1.0,1.0,1.0
Impact melt breccia,1,1,-0.0,0.0,0.0,-0.0,0.0,1.0,0.0,0.0,0.0,0.0,0.0,1.0,1.0,1.0
Iron,94,94,4.543294782270004,4.543294782270004,0.0,0.0,0.0,1.0,0.9893617021276596,0.9893617021276595,1.1102230246251565e-16,1.1102230246251565e-16,1.0,1.0,1.0,1.0
"Iron, IAB complex",54,54,3.988984046564274,3.9889840465642745,4.440892098500626e-16,-4.440892098500626e-16,-1.0,1.0,0.9814814814814815,0.9814814814814813,2.220446049250313e-16,2.220446049250313e-16,1.0,1.0,1.0,1.0
"Iron, IAB-MG",84,84,4.430816798843313,4.4308167988433125,8.881784197001252e-16,8.881784197001252e-16,1.0,1.0,0.9880952380952381,0.9880952380952378,3.3306690738754696e-16,3.3306690738754696e-16,1.0,1.0,1.0,1.0
"Iron, IAB-an",3,3,1.0986122886681096,1.0986122886681091,4.440892098500626e-16,4.440892098500626e-16,1.0,1.0,0.6666666666666667,0.6666666666666666,1.1102230246251565e-16,1.1102230246251565e-16,1.0,1.0,1.0,1.0
"Iron, IAB-sHH",5,5,1.6094379124341005,1.6094379124340998,6.661338147750939e-16,6.661338147750939e-16,1.0,1.0,0.7999999999999999,0.8,1.1102230246251565e-16,-1.1102230246251565e-16,-1.0,1.0,1.0,1.0
"Iron, IAB-sHL",17,17,2.833213344056216,2.8332133440562166,4.440892098500626e-16,-4.440892098500626e-16,-1.0,1.0,0.9411764705882353,0.9411764705882354,1.1102230246251565e-16,-1.1102230246251565e-16,-1.0,1.0,1.0,1.0
"Iron, IAB-sHL-an",1,1,-0.0,0.0,0.0,-0.0,0.0,1.0,0.0,0.0,0.0,0.0,0.0,1.0,1.0,1.0
"Iron, IAB-sLH",9,9,2.1972245773362196,2.197224577336219,4.440892098500626e-16,4.440892098500626e-16,1.0,1.0,0.8888888888888888,0.8888888888888892,3.3306690738754696e-16,-3.3306690738754696e-16,-1.0,1.0,1.0,1.0
"Iron, IAB-sLL",28,28,3.3322045101752034,3.332204510175203,4.440892098500626e-16,4.440892098500626e-16,1.0,1.0,0.9642857142857143,0.964285714285714,3.3306690738754696e-16,3.3306690738754696e-16,1.0,1.0,1.0,1.0
"Iron, IAB-sLM",10,10,2.3025850929940455,2.302585092994045,4.440892098500626e-16,4.440892098500626e-16,1.0,1.0,0.9,0.9000000000000002,2.220446049250313e-16,-2.220446049250313e-16,-1.0,1.0,1.0,1.0
"Iron, IAB-ung",46,46,3.828641396489095,3.8286413964890964,1.3322676295501878e-15,-1.3322676295501878e-15,-1.0,1.0,0.9782608695652174,0.9782608695652173,1.1102230246251565e-16,1.1102230246251565e-16,1.0,1.0,1.0,1.0
"Iron, IAB?",4,4,1.3862943611198906,1.3862943611198908,2.220446049250313e-16,-2.220446049250313e-16,-1.0,1.0,0.75,0.75,0.0,0.0,0.0,1.0,1.0,1.0
"Iron, IC",10,10,2.3025850929940455,2.302585092994045,4.440892098500626e-16,4.440892098500626e-16,1.0,1.0,0.9,0.9000000000000002,2.220446049250313e-16,-2.220446049250313e-16,-1.0,1.0,1.0,1.0
"Iron, IC-an",2,2,0.6931471805599453,0.6931471805599454,1.1102230246251565e-16,-1.1102230246251565e-16,-1.0,1.0,0.5,0.5,0.0,0.0,0.0,1.0,1.0,1.0
"Iron, IIAB",118,118,4.770684624465665,4.770684624465664,8.881784197001252e-16,8.881784197001252e-16,1.0,1.0,0.9915254237288136,0.9915254237288132,3.3306690738754696e-16,3.3306690738754696e-16,1.0,1.0,1.0,1.0
"Iron, IIAB-an",1,1,-0.0,0.0,0.0,-0.0,0.0,1.0,0.0,0.0,0.0,0.0,0.0,1.0,1.0,1.0
"Iron, IIC",8,8,2.0794415416798357,2.0794415416798357,0.0,0.0,0.0,1.0,0.875,0.875,0.0,0.0,0.0,1.0,1.0,1.0
"Iron, IID",19,19,2.9444389791664407,2.9444389791664416,8.881784197001252e-16,-8.881784197001252e-16,-1.0,1.0,0.9473684210526316,0.9473684210526316,0.0,0.0,0.0,1.0,1.0,1.0
"Iron, IID-an",2,2,0.6931471805599453,0.6931471805599454,1.1102230246251565e-16,-1.1102230246251565e-16,-1.0,1.0,0.5,0.5,0.0,0.0,0.0,1.0,1.0,1.0
"Iron, IIE",14,14,2.6390573296152584,2.639057329615258,4.440892098500626e-16,4.440892098500626e-16,1.0,1.0,0.9285714285714286,0.9285714285714288,2.220446049250313e-16,-2.220446049250313e-16,-1.0,1.0,1.0,1.0
"Iron, IIE-an",7,7,1.9459101490553132,1.9459101490553128,4.440892098500626e-16,4.440892098500626e-16,1.0,1.0,0.8571428571428572,0.8571428571428574,2.220446049250313e-16,-2.220446049250313e-16,-1.0,1.0,1.0,1.0
"Iron, IIE?",1,1,-0.0,0.0,0.0,-0.0,0.0,1.0,0.0,0.0,0.0,0.0,0.0,1.0,1.0,1.0
"Iron, IIF",6,6,1.791759469228055,1.7917594692280547,2.220446049250313e-16,2.220446049250313e-16,1.0,1.0,0.8333333333333334,0.8333333333333334,0.0,0.0,0.0,1.0,1.0,1.0
"Iron, IIG",6,6,1.791759469228055,1.7917594692280547,2.220446049250313e-16,2.220446049250313e-16,1.0,1.0,0.8333333333333334,0.8333333333333334,0.0,0.0,0.0,1.0,1.0,1.0
"Iron, IIIAB",285,285,5.652489180268651,5.652489180268651,0.0,0.0,0.0,1.0,0.9964912280701754,0.9964912280701751,3.3306690738754696e-16,3.3306690738754696e-16,1.0,1.0,1.0,1.0
"Iron, IIIAB-an",3,3,1.0986122886681096,1.0986122886681091,4.440892098500626e-16,4.440892098500626e-16,1.0,1.0,0.6666666666666667,0.6666666666666666,1.1102230246251565e-16,1.1102230246251565e-16,1.0,1.0,1.0,1.0
"Iron, IIIAB?",4,4,1.3862943611198906,1.3862943611198908,2.220446049250313e-16,-2.220446049250313e-16,-1.0,1.0,0.75,0.75,0.0,0.0,0.0,1.0,1.0,1.0
"Iron, IIIE",14,14,2.6390573296152584,2.639057329615258,4.440892098500626e-16,4.440892098500626e-16,1.0,1.0,0.9285714285714286,0.9285714285714288,2.220446049250313e-16,-2.220446049250313e-16,-1.0,1.0,1.0,1.0
"Iron, IIIE-an",1,1,-0.0,0.0,0.0,-0.0,0.0,1.0,0.0,0.0,0.0,0.0,0.0,1.0,1.0,1.0
"Iron, IIIF",9,9,2.1972245773362196,2.197224577336219,4.440892098500626e-16,4.440892098500626e-16,1.0,1.0,0.8888888888888888,0.8888888888888892,3.3306690738754696e-16,-3.3306690738754696e-16,-1.0,1.0,1.0,1.0
"Iron, IVA",69,69,4.23410650459726,4.234106504597259,8.881784197001252e-16,8.881784197001252e-16,1.0,1.0,0.9855072463768116,0.9855072463768119,2.220446049250313e-16,-2.220446049250313e-16,-1.0,1.0,1.0,1.0
"Iron, IVA-an",6,6,1.791759469228055,1.7917594692280547,2.220446049250313e-16,2.220446049250313e-16,1.0,1.0,0.8333333333333334,0.8333333333333334,0.0,0.0,0.0,1.0,1.0,1.0
"Iron, IVB",14,14,2.6390573296152584,2.639057329615258,4.440892098500626e-16,4.440892098500626e-16,1.0,1.0,0.9285714285714286,0.9285714285714288,2.220446049250313e-16,-2.220446049250313e-16,-1.0,1.0,1.0,1.0
"Iron, ungrouped",113,113,4.727387818712341,4.727387818712342,8.881784197001252e-16,-8.881784197001252e-16,-1.0,1.0,0.9911504424778761,0.9911504424778759,2.220446049250313e-16,2.220446049250313e-16,1.0,1.0,1.0,1.0
Iron?,2,2,0.6931471805599453,0.6931471805599454,1.1102230246251565e-16,-1.1102230246251565e-16,-1.0,1.0,0.5,0.5,0.0,0.0,0.0,1.0,1.0,1.0
K,1,1,-0.0,0.0,0.0,-0.0,0.0,1.0,0.0,0.0,0.0,0.0,0.0,1.0,1.0,1.0
K3,2,2,0.6931471805599453,0.6931471805599454,1.1102230246251565e-16,-1.1102230246251565e-16,-1.0,1.0,0.5,0.5,0.0,0.0,0.0,1.0,1.0,1.0
L,50,50,3.912023005428146,3.912023005428146,0.0,0.0,0.0,1.0,0.98,0.9800000000000002,2.220446049250313e-16,-2.220446049250313e-16,-1.0,1.0,1.0,1.0
L(?)3,2,2,0.6931471805599453,0.6931471805599454,1.1102230246251565e-16,-1.1102230246251565e-16,-1.0,1.0,0.5,0.5,0.0,0.0,0.0,1.0,1.0,1.0
L(H)3,1,1,-0.0,0.0,0.0,-0.0,0.0,1.0,0.0,0.0,0.0,0.0,0.0,1.0,1.0,1.0
L(LL)3,5,5,1.6094379124341005,1.6094379124340998,6.661338147750939e-16,6.661338147750939e-16,1.0,1.0,0.7999999999999999,0.8,1.1102230246251565e-16,-1.1102230246251565e-16,-1.0,1.0,1.0,1.0
L(LL)3.05,2,2,0.6931471805599453,0.6931471805599454,1.1102230246251565e-16,-1.1102230246251565e-16,-1.0,1.0,0.5,0.5,0.0,0.0,0.0,1.0,1.0,1.0
L(LL)3.5-3.7,1,1,-0.0,0.0,0.0,-0.0,0.0,1.0,0.0,0.0,0.0,0.0,0.0,1.0,1.0,1.0
L(LL)5,1,1,-0.0,0.0,0.0,-0.0,0.0,1.0,0.0,0.0,0.0,0.0,0.0,1.0,1.0,1.0
L(LL)6,1,1,-0.0,0.0,0.0,-0.0,0.0,1.0,0.0,0.0,0.0,0.0,0.0,1.0,1.0,1.0
L(LL)~4,1,1,-0.0,0.0,0.0,-0.0,0.0,1.0,0.0,0.0,0.0,0.0,0.0,1.0,1.0,1.0
L-imp melt,25,25,3.2188758248682,3.2188758248681997,4.440892098500626e-16,4.440892098500626e-16,1.0,1.0,0.96,0.9600000000000002,2.220446049250313e-16,-2.220446049250313e-16,-1.0,1.0,1.0,1.0
L-melt breccia,14,14,2.6390573296152584,2.639057329615258,4.440892098500626e-16,4.440892098500626e-16,1.0,1.0,0.9285714285714286,0.9285714285714288,2.220446049250313e-16,-2.220446049250313e-16,-1.0,1.0,1.0,1.0
L-melt rock,21,21,3.044522437723423,3.044522437723423,0.0,0.0,0.0,1.0,0.9523809523809524,0.9523809523809524,0.0,0.0,0.0,1.0,1.0,1.0
L-metal,5,5,1.6094379124341005,1.6094379124340998,6.661338147750939e-16,6.661338147750939e-16,1.0,1.0,0.7999999999999999,0.8,1.1102230246251565e-16,-1.1102230246251565e-16,-1.0,1.0,1.0,1.0
L/LL,1,1,-0.0,0.0,0.0,-0.0,0.0,1.0,0.0,0.0,0.0,0.0,0.0,1.0,1.0,1.0
L/LL(?)3,1,1,-0.0,0.0,0.0,-0.0,0.0,1.0,0.0,0.0,0.0,0.0,0.0,1.0,1.0,1.0
L/LL-melt rock,1,1,-0.0,0.0,0.0,-0.0,0.0,1.0,0.0,0.0,0.0,0.0,0.0,1.0,1.0,1.0
L/LL3,26,26,3.2580965380214826,3.258096538021483,4.440892098500626e-16,-4.440892098500626e-16,-1.0,1.0,0.9615384615384616,0.9615384615384616,0.0,0.0,0.0,1.0,1.0,1.0
L/LL3-5,3,3,1.0986122886681096,1.0986122886681091,4.440892098500626e-16,4.440892098500626e-16,1.0,1.0,0.6666666666666667,0.6666666666666666,1.1102230246251565e-16,1.1102230246251565e-16,1.0,1.0,1.0,1.0
L/LL3-6,1,1,-0.0,0.0,0.0,-0.0,0.0,1.0,0.0,0.0,0.0,0.0,0.0,1.0,1.0,1.0
L/LL3.10,1,1,-0.0,0.0,0.0,-0.0,0.0,1.0,0.0,0.0,0.0,0.0,0.0,1.0,1.0,1.0
L/LL3.2,2,2,0.6931471805599453,0.6931471805599454,1.1102230246251565e-16,-1.1102230246251565e-16,-1.0,1.0,0.5,0.5,0.0,0.0,0.0,1.0,1.0,1.0
L/LL3.4,4,4,1.3862943611198906,1.3862943611198908,2.220446049250313e-16,-2.220446049250313e-16,-1.0,1.0,0.75,0.75,0.0,0.0,0.0,1.0,1.0,1.0
L/LL3.5,1,1,-0.0,0.0,0.0,-0.0,0.0,1.0,0.0,0.0,0.0,0.0,0.0,1.0,1.0,1.0
L/LL3.6/3.7,1,1,-0.0,0.0,0.0,-0.0,0.0,1.0,0.0,0.0,0.0,0.0,0.0,1.0,1.0,1.0
L/LL4,20,20,2.995732273553991,2.9957322735539904,4.440892098500626e-16,4.440892098500626e-16,1.0,1.0,0.95,0.9499999999999997,2.220446049250313e-16,2.220446049250313e-16,1.0,1.0,1.0,1.0
L/LL4-6,1,1,-0.0,0.0,0.0,-0.0,0.0,1.0,0.0,0.0,0.0,0.0,0.0,1.0,1.0,1.0
L/LL4/5,1,1,-0.0,0.0,0.0,-0.0,0.0,1.0,0.0,0.0,0.0,0.0,0.0,1.0,1.0,1.0
L/LL5,16,16,2.772588722239781,2.7725887222397816,4.440892098500626e-16,-4.440892098500626e-16,-1.0,1.0,0.9375,0.9375,0.0,0.0,0.0,1.0,1.0,1.0
L/LL5-6,1,1,-0.0,0.0,0.0,-0.0,0.0,1.0,0.0,0.0,0.0,0.0,0.0,1.0,1.0,1.0
L/LL5/6,5,5,1.6094379124341005,1.6094379124340998,6.661338147750939e-16,6.661338147750939e-16,1.0,1.0,0.7999999999999999,0.8,1.1102230246251565e-16,-1.1102230246251565e-16,-1.0,1.0,1.0,1.0
L/LL6,26,26,3.2580965380214826,3.258096538021483,4.440892098500626e-16,-4.440892098500626e-16,-1.0,1.0,0.9615384615384616,0.9615384615384616,0.0,0.0,0.0,1.0,1.0,1.0
L/LL6-an,1,1,-0.0,0.0,0.0,-0.0,0.0,1.0,0.0,0.0,0.0,0.0,0.0,1.0,1.0,1.0
L/LL~4,1,1,-0.0,0.0,0.0,-0.0,0.0,1.0,0.0,0.0,0.0,0.0,0.0,1.0,1.0,1.0
L/LL~5,2,2,0.6931471805599453,0.6931471805599454,1.1102230246251565e-16,-1.1102230246251565e-16,-1.0,1.0,0.5,0.5,0.0,0.0,0.0,1.0,1.0,1.0
L/LL~6,3,3,1.0986122886681096,1.0986122886681091,4.440892098500626e-16,4.440892098500626e-16,1.0,1.0,0.6666666666666667,0.6666666666666666,1.1102230246251565e-16,1.1102230246251565e-16,1.0,1.0,1.0,1.0
L3,365,365,5.8998973535824915,5.89989735358249,1.7763568394002505e-15,1.7763568394002505e-15,1.0,1.0,0.9972602739726028,0.9972602739726031,3.3306690738754696e-16,-3.3306690738754696e-16,-1.0,1.0,1.0,1.0
L3-4,4,4,1.3862943611198906,1.3862943611198908,2.220446049250313e-16,-2.220446049250313e-16,-1.0,1.0,0.75,0.75,0.0,0.0,0.0,1.0,1.0,1.0
L3-5,13,13,2.564949357461537,2.5649493574615367,4.440892098500626e-16,4.440892098500626e-16,1.0,1.0,0.9230769230769231,0.9230769230769232,1.1102230246251565e-16,-1.1102230246251565e-16,-1.0,1.0,1.0,1.0
L3-6,32,32,3.4657359027997265,3.465735902799727,4.440892098500626e-16,-4.440892098500626e-16,-1.0,1.0,0.96875,0.96875,0.0,0.0,0.0,1.0,1.0,1.0
L3-7,1,1,-0.0,0.0,0.0,-0.0,0.0,1.0,0.0,0.0,0.0,0.0,0.0,1.0,1.0,1.0
L3-melt breccia,1,1,-0.0,0.0,0.0,-0.0,0.0,1.0,0.0,0.0,0.0,0.0,0.0,1.0,1.0,1.0
L3.0,2,2,0.6931471805599453,0.6931471805599454,1.1102230246251565e-16,-1.1102230246251565e-16,-1.0,1.0,0.5,0.5,0.0,0.0,0.0,1.0,1.0,1.0
L3.0-3.7,1,1,-0.0,0.0,0.0,-0.0,0.0,1.0,0.0,0.0,0.0,0.0,0.0,1.0,1.0,1.0
L3.0-3.9,1,1,-0.0,0.0,0.0,-0.0,0.0,1.0,0.0,0.0,0.0,0.0,0.0,1.0,1.0,1.0
L3.00,1,1,-0.0,0.0,0.0,-0.0,0.0,1.0,0.0,0.0,0.0,0.0,0.0,1.0,1.0,1.0
L3.05,2,2,0.6931471805599453,0.6931471805599454,1.1102230246251565e-16,-1.1102230246251565e-16,-1.0,1.0,0.5,0.5,0.0,0.0,0.0,1.0,1.0,1.0
L3.1,13,13,2.564949357461537,2.5649493574615367,4.440892098500626e-16,4.440892098500626e-16,1.0,1.0,0.9230769230769231,0.9230769230769232,1.1102230246251565e-16,-1.1102230246251565e-16,-1.0,1.0,1.0,1.0
L3.10,1,1,-0.0,0.0,0.0,-0.0,0.0,1.0,0.0,0.0,0.0,0.0,0.0,1.0,1.0,1.0
L3.2,15,15,2.70805020110221,2.70805020110221,0.0,0.0,0.0,1.0,0.9333333333333333,0.9333333333333335,1.1102230246251565e-16,-1.1102230246251565e-16,-1.0,1.0,1.0,1.0
L3.2-3.5,1,1,-0.0,0.0,0.0,-0.0,0.0,1.0,0.0,0.0,0.0,0.0,0.0,1.0,1.0,1.0
L3.2-3.6,1,1,-0.0,0.0,0.0,-0.0,0.0,1.0,0.0,0.0,0.0,0.0,0.0,1.0,1.0,1.0
L3.3,17,17,2.833213344056216,2.8332133440562166,4.440892098500626e-16,-4.440892098500626e-16,-1.0,1.0,0.9411764705882353,0.9411764705882354,1.1102230246251565e-16,-1.1102230246251565e-16,-1.0,1.0,1.0,1.0
L3.3-3.5,1,1,-0.0,0.0,0.0,-0.0,0.0,1.0,0.0,0.0,0.0,0.0,0.0,1.0,1.0,1.0
L3.3-3.6,1,1,-0.0,0.0,0.0,-0.0,0.0,1.0,0.0,0.0,0.0,0.0,0.0,1.0,1.0,1.0
L3.3-3.7,1,1,-0.0,0.0,0.0,-0.0,0.0,1.0,0.0,0.0,0.0,0.0,0.0,1.0,1.0,1.0
L3.4,51,51,3.9318256327243257,3.9318256327243253,4.440892098500626e-16,4.440892098500626e-16,1.0,1.0,0.9803921568627451,0.9803921568627451,0.0,0.0,0.0,1.0,1.0,1.0
L3.4-3.7,1,1,-0.0,0.0,0.0,-0.0,0.0,1.0,0.0,0.0,0.0,0.0,0.0,1.0,1.0,1.0
L3.5,88,88,4.477336814478207,4.477336814478207,0.0,0.0,0.0,1.0,0.9886363636363636,0.9886363636363634,2.220446049250313e-16,2.220446049250313e-16,1.0,1.0,1.0,1.0
L3.5-3.7,1,1,-0.0,0.0,0.0,-0.0,0.0,1.0,0.0,0.0,0.0,0.0,0.0,1.0,1.0,1.0
L3.5-3.8,1,1,-0.0,0.0,0.0,-0.0,0.0,1.0,0.0,0.0,0.0,0.0,0.0,1.0,1.0,1.0
L3.5-3.9,1,1,-0.0,0.0,0.0,-0.0,0.0,1.0,0.0,0.0,0.0,0.0,0.0,1.0,1.0,1.0
L3.5-5,1,1,-0.0,0.0,0.0,-0.0,0.0,1.0,0.0,0.0,0.0,0.0,0.0,1.0,1.0,1.0
L3.6,48,48,3.8712010109078907,3.87120101090789,8.881784197001252e-16,8.881784197001252e-16,1.0,1.0,0.9791666666666666,0.9791666666666665,1.1102230246251565e-16,1.1102230246251565e-16,1.0,1.0,1.0,1.0
L3.6-4,1,1,-0.0,0.0,0.0,-0.0,0.0,1.0,0.0,0.0,0.0,0.0,0.0,1.0,1.0,1.0
L3.7,49,49,3.8918202981106265,3.8918202981106256,8.881784197001252e-16,8.881784197001252e-16,1.0,1.0,0.9795918367346939,0.9795918367346937,1.1102230246251565e-16,1.1102230246251565e-16,1.0,1.0,1.0,1.0
L3.7-3.9,1,1,-0.0,0.0,0.0,-0.0,0.0,1.0,0.0,0.0,0.0,0.0,0.0,1.0,1.0,1.0
L3.7-4,1,1,-0.0,0.0,0.0,-0.0,0.0,1.0,0.0,0.0,0.0,0.0,0.0,1.0,1.0,1.0
L3.7-6,1,1,-0.0,0.0,0.0,-0.0,0.0,1.0,0.0,0.0,0.0,0.0,0.0,1.0,1.0,1.0
L3.7/3.8,1,1,-0.0,0.0,0.0,-0.0,0.0,1.0,0.0,0.0,0.0,0.0,0.0,1.0,1.0,1.0
L3.8,66,66,4.189654742026425,4.189654742026427,1.7763568394002505e-15,-1.7763568394002505e-15,-1.0,1.0,0.9848484848484849,0.9848484848484845,3.3306690738754696e-16,3.3306690738754696e-16,1.0,1.0,1.0,1.0
L3.8-5,2,2,0.6931471805599453,0.6931471805599454,1.1102230246251565e-16,-1.1102230246251565e-16,-1.0,1.0,0.5,0.5,0.0,0.0,0.0,1.0,1.0,1.0
L3.8-6,9,9,2.1972245773362196,2.197224577336219,4.440892098500626e-16,4.440892098500626e-16,1.0,1.0,0.8888888888888888,0.8888888888888892,3.3306690738754696e-16,-3.3306690738754696e-16,-1.0,1.0,1.0,1.0
L3.8-an,1,1,-0.0,0.0,0.0,-0.0,0.0,1.0,0.0,0.0,0.0,0.0,0.0,1.0,1.0,1.0
L3.9,27,27,3.2958368660043287,3.2958368660043282,4.440892098500626e-16,4.440892098500626e-16,1.0,1.0,0.962962962962963,0.9629629629629631,1.1102230246251565e-16,-1.1102230246251565e-16,-1.0,1.0,1.0,1.0
L3.9-5,1,1,-0.0,0.0,0.0,-0.0,0.0,1.0,0.0,0.0,0.0,0.0,0.0,1.0,1.0,1.0
L3.9-6,2,2,0.6931471805599453,0.6931471805599454,1.1102230246251565e-16,-1.1102230246251565e-16,-1.0,1.0,0.5,0.5,0.0,0.0,0.0,1.0,1.0,1.0
L3.9/4,1,1,-0.0,0.0,0.0,-0.0,0.0,1.0,0.0,0.0,0.0,0.0,0.0,1.0,1.0,1.0
L3/4,12,12,2.4849066497880004,2.484906649788001,4.440892098500626e-16,-4.440892098500626e-16,-1.0,1.0,0.9166666666666666,0.9166666666666665,1.1102230246251565e-16,1.1102230246251565e-16,1.0,1.0,1.0,1.0
L4,1253,1253,7.133295954896068,7.13329595489607,1.7763568394002505e-15,-1.7763568394002505e-15,-1.0,1.0,0.9992019154030327,0.9992019154030327,0.0,0.0,0.0,1.0,1.0,1.0
L4 ,3,3,1.0986122886681096,1.0986122886681091,4.440892098500626e-16,4.440892098500626e-16,1.0,1.0,0.6666666666666667,0.6666666666666666,1.1102230246251565e-16,1.1102230246251565e-16,1.0,1.0,1.0,1.0
L4-5,24,24,3.1780538303479453,3.178053830347946,8.881784197001252e-16,-8.881784197001252e-16,-1.0,1.0,0.9583333333333334,0.9583333333333335,1.1102230246251565e-16,-1.1102230246251565e-16,-1.0,1.0,1.0,1.0
L4-6,33,33,3.4965075614664802,3.4965075614664802,0.0,0.0,0.0,1.0,0.9696969696969697,0.9696969696969694,3.3306690738754696e-16,3.3306690738754696e-16,1.0,1.0,1.0,1.0
L4-an,1,1,-0.0,0.0,0.0,-0.0,0.0,1.0,0.0,0.0,0.0,0.0,0.0,1.0,1.0,1.0
L4-melt breccia,1,1,-0.0,0.0,0.0,-0.0,0.0,1.0,0.0,0.0,0.0,0.0,0.0,1.0,1.0,1.0
L4-melt rock,1,1,-0.0,0.0,0.0,-0.0,0.0,1.0,0.0,0.0,0.0,0.0,0.0,1.0,1.0,1.0
L4/5,59,59,4.07753744390572,4.07753744390572,0.0,0.0,0.0,1.0,0.9830508474576272,0.9830508474576269,2.220446049250313e-16,2.220446049250313e-16,1.0,1.0,1.0,1.0
L5,4796,4796,8.475537516147405,8.475537516147401,3.552713678800501e-15,3.552713678800501e-15,1.0,1.0,0.999791492910759,0.9997914929107592,2.220446049250313e-16,-2.220446049250313e-16,-1.0,1.0,1.0,1.0
L5 ,21,21,3.044522437723423,3.044522437723423,0.0,0.0,0.0,1.0,0.9523809523809524,0.9523809523809524,0.0,0.0,0.0,1.0,1.0,1.0
L5-6,41,41,3.713572066704308,3.7135720667043084,4.440892098500626e-16,-4.440892098500626e-16,-1.0,1.0,0.975609756097561,0.9756097560975612,2.220446049250313e-16,-2.220446049250313e-16,-1.0,1.0,1.0,1.0
L5-7,1,1,-0.0,0.0,0.0,-0.0,0.0,1.0,0.0,0.0,0.0,0.0,0.0,1.0,1.0,1.0
L5-melt breccia,3,3,1.0986122886681096,1.0986122886681091,4.440892098500626e-16,4.440892098500626e-16,1.0,1.0,0.6666666666666667,0.6666666666666666,1.1102230246251565e-16,1.1102230246251565e-16,1.0,1.0,1.0,1.0
L5/6,109,109,4.6913478822291435,4.6913478822291435,0.0,0.0,0.0,1.0,0.9908256880733946,0.9908256880733947,1.1102230246251565e-16,-1.1102230246251565e-16,-1.0,1.0,1.0,1.0
L6,8285,8285,9.022201929860664,9.022201929860666,1.7763568394002505e-15,-1.7763568394002505e-15,-1.0,1.0,0.99987929993965,0.99987929993965,0.0,0.0,0.0,1.0,1.0,1.0
L6 ,54,54,3.988984046564274,3.9889840465642745,4.440892098500626e-16,-4.440892098500626e-16,-1.0,1.0,0.9814814814814815,0.9814814814814813,2.220446049250313e-16,2.220446049250313e-16,1.0,1.0,1.0,1.0
L6-melt breccia,10,10,2.3025850929940455,2.302585092994045,4.440892098500626e-16,4.440892098500626e-16,1.0,1.0,0.9,0.9000000000000002,2.220446049250313e-16,-2.220446049250313e-16,-1.0,1.0,1.0,1.0
L6-melt rock,1,1,-0.0,0.0,0.0,-0.0,0.0,1.0,0.0,0.0,0.0,0.0,0.0,1.0,1.0,1.0
L6/7,9,9,2.1972245773362196,2.197224577336219,4.440892098500626e-16,4.440892098500626e-16,1.0,1.0,0.8888888888888888,0.8888888888888892,3.3306690738754696e-16,-3.3306690738754696e-16,-1.0,1.0,1.0,1.0
L7,21,21,3.044522437723423,3.044522437723423,0.0,0.0,0.0,1.0,0.9523809523809524,0.9523809523809524,0.0,0.0,0.0,1.0,1.0,1.0
LL,225,225,5.41610040220442,5.41610040220442,0.0,0.0,0.0,1.0,0.9955555555555555,0.9955555555555554,1.1102230246251565e-16,1.1102230246251565e-16,1.0,1.0,1.0,1.0
LL(L)3,7,7,1.9459101490553132,1.9459101490553128,4.440892098500626e-16,4.440892098500626e-16,1.0,1.0,0.8571428571428572,0.8571428571428574,2.220446049250313e-16,-2.220446049250313e-16,-1.0,1.0,1.0,1.0
LL(L)3.1,1,1,-0.0,0.0,0.0,-0.0,0.0,1.0,0.0,0.0,0.0,0.0,0.0,1.0,1.0,1.0
LL-imp melt,2,2,0.6931471805599453,0.6931471805599454,1.1102230246251565e-16,-1.1102230246251565e-16,-1.0,1.0,0.5,0.5,0.0,0.0,0.0,1.0,1.0,1.0
LL-melt breccia,54,54,3.988984046564274,3.9889840465642745,4.440892098500626e-16,-4.440892098500626e-16,-1.0,1.0,0.9814814814814815,0.9814814814814813,2.220446049250313e-16,2.220446049250313e-16,1.0,1.0,1.0,1.0
LL-melt rock,7,7,1.9459101490553132,1.9459101490553128,4.440892098500626e-16,4.440892098500626e-16,1.0,1.0,0.8571428571428572,0.8571428571428574,2.220446049250313e-16,-2.220446049250313e-16,-1.0,1.0,1.0,1.0
LL3,128,128,4.852030263919617,4.852030263919617,0.0,0.0,0.0,1.0,0.9921875,0.9921875,0.0,0.0,0.0,1.0,1.0,1.0
LL3-4,1,1,-0.0,0.0,0.0,-0.0,0.0,1.0,0.0,0.0,0.0,0.0,0.0,1.0,1.0,1.0
LL3-5,2,2,0.6931471805599453,0.6931471805599454,1.1102230246251565e-16,-1.1102230246251565e-16,-1.0,1.0,0.5,0.5,0.0,0.0,0.0,1.0,1.0,1.0
LL3-6,9,9,2.1972245773362196,2.197224577336219,4.440892098500626e-16,4.440892098500626e-16,1.0,1.0,0.8888888888888888,0.8888888888888892,3.3306690738754696e-16,-3.3306690738754696e-16,-1.0,1.0,1.0,1.0
LL3.0,4,4,1.3862943611198906,1.3862943611198908,2.220446049250313e-16,-2.220446049250313e-16,-1.0,1.0,0.75,0.75,0.0,0.0,0.0,1.0,1.0,1.0
LL3.00,1,1,-0.0,0.0,0.0,-0.0,0.0,1.0,0.0,0.0,0.0,0.0,0.0,1.0,1.0,1.0
LL3.05,1,1,-0.0,0.0,0.0,-0.0,0.0,1.0,0.0,0.0,0.0,0.0,0.0,1.0,1.0,1.0
LL3.1,6,6,1.791759469228055,1.7917594692280547,2.220446049250313e-16,2.220446049250313e-16,1.0,1.0,0.8333333333333334,0.8333333333333334,0.0,0.0,0.0,1.0,1.0,1.0
LL3.1-3.5,1,1,-0.0,0.0,0.0,-0.0,0.0,1.0,0.0,0.0,0.0,0.0,0.0,1.0,1.0,1.0
LL3.10,3,3,1.0986122886681096,1.0986122886681091,4.440892098500626e-16,4.440892098500626e-16,1.0,1.0,0.6666666666666667,0.6666666666666666,1.1102230246251565e-16,1.1102230246251565e-16,1.0,1.0,1.0,1.0
LL3.15,3,3,1.0986122886681096,1.0986122886681091,4.440892098500626e-16,4.440892098500626e-16,1.0,1.0,0.6666666666666667,0.6666666666666666,1.1102230246251565e-16,1.1102230246251565e-16,1.0,1.0,1.0,1.0
LL3.2,14,14,2.6390573296152584,2.639057329615258,4.440892098500626e-16,4.440892098500626e-16,1.0,1.0,0.9285714285714286,0.9285714285714288,2.220446049250313e-16,-2.220446049250313e-16,-1.0,1.0,1.0,1.0
LL3.3,15,15,2.70805020110221,2.70805020110221,0.0,0.0,0.0,1.0,0.9333333333333333,0.9333333333333335,1.1102230246251565e-16,-1.1102230246251565e-16,-1.0,1.0,1.0,1.0
LL3.4,20,20,2.995732273553991,2.9957322735539904,4.440892098500626e-16,4.440892098500626e-16,1.0,1.0,0.95,0.9499999999999997,2.220446049250313e-16,2.220446049250313e-16,1.0,1.0,1.0,1.0
LL3.5,17,17,2.833213344056216,2.8332133440562166,4.440892098500626e-16,-4.440892098500626e-16,-1.0,1.0,0.9411764705882353,0.9411764705882354,1.1102230246251565e-16,-1.1102230246251565e-16,-1.0,1.0,1.0,1.0
LL3.6,17,17,2.833213344056216,2.8332133440562166,4.440892098500626e-16,-4.440892098500626e-16,-1.0,1.0,0.9411764705882353,0.9411764705882354,1.1102230246251565e-16,-1.1102230246251565e-16,-1.0,1.0,1.0,1.0
LL3.7,26,26,3.2580965380214826,3.258096538021483,4.440892098500626e-16,-4.440892098500626e-16,-1.0,1.0,0.9615384615384616,0.9615384615384616,0.0,0.0,0.0,1.0,1.0,1.0
LL3.7-6,1,1,-0.0,0.0,0.0,-0.0,0.0,1.0,0.0,0.0,0.0,0.0,0.0,1.0,1.0,1.0
LL3.8,28,28,3.3322045101752034,3.332204510175203,4.440892098500626e-16,4.440892098500626e-16,1.0,1.0,0.9642857142857143,0.964285714285714,3.3306690738754696e-16,3.3306690738754696e-16,1.0,1.0,1.0,1.0
LL3.8-4,1,1,-0.0,0.0,0.0,-0.0,0.0,1.0,0.0,0.0,0.0,0.0,0.0,1.0,1.0,1.0
LL3.8-6,3,3,1.0986122886681096,1.0986122886681091,4.440892098500626e-16,4.440892098500626e-16,1.0,1.0,0.6666666666666667,0.6666666666666666,1.1102230246251565e-16,1.1102230246251565e-16,1.0,1.0,1.0,1.0
LL3.9,16,16,2.772588722239781,2.7725887222397816,4.440892098500626e-16,-4.440892098500626e-16,-1.0,1.0,0.9375,0.9375,0.0,0.0,0.0,1.0,1.0,1.0
LL3.9/4,1,1,-0.0,0.0,0.0,-0.0,0.0,1.0,0.0,0.0,0.0,0.0,0.0,1.0,1.0,1.0
LL3/4,1,1,-0.0,0.0,0.0,-0.0,0.0,1.0,0.0,0.0,0.0,0.0,0.0,1.0,1.0,1.0
LL4,268,268,5.5909869805108565,5.590986980510858,1.7763568394002505e-15,-1.7763568394002505e-15,-1.0,1.0,0.996268656716418,0.9962686567164183,3.3306690738754696e-16,-3.3306690738754696e-16,-1.0,1.0,1.0,1.0
LL4-5,10,10,2.3025850929940455,2.302585092994045,4.440892098500626e-16,4.440892098500626e-16,1.0,1.0,0.9,0.9000000000000002,2.220446049250313e-16,-2.220446049250313e-16,-1.0,1.0,1.0,1.0
LL4-6,34,34,3.5263605246161616,3.526360524616161,4.440892098500626e-16,4.440892098500626e-16,1.0,1.0,0.9705882352941176,0.9705882352941175,1.1102230246251565e-16,1.1102230246251565e-16,1.0,1.0,1.0,1.0
LL4/5,5,5,1.6094379124341005,1.6094379124340998,6.661338147750939e-16,6.661338147750939e-16,1.0,1.0,0.7999999999999999,0.8,1.1102230246251565e-16,-1.1102230246251565e-16,-1.0,1.0,1.0,1.0
LL4/6,1,1,-0.0,0.0,0.0,-0.0,0.0,1.0,0.0,0.0,0.0,0.0,0.0,1.0,1.0,1.0
LL5,2766,2766,7.925157512224702,7.925157512224701,8.881784197001252e-16,8.881784197001252e-16,1.0,1.0,0.9996384671005062,0.9996384671005063,1.1102230246251565e-16,-1.1102230246251565e-16,-1.0,1.0,1.0,1.0
LL5-6,40,40,3.6888794541139363,3.6888794541139367,4.440892098500626e-16,-4.440892098500626e-16,-1.0,1.0,0.975,0.9749999999999998,2.220446049250313e-16,2.220446049250313e-16,1.0,1.0,1.0,1.0
LL5-7,1,1,-0.0,0.0,0.0,-0.0,0.0,1.0,0.0,0.0,0.0,0.0,0.0,1.0,1.0,1.0
LL5/6,48,48,3.8712010109078907,3.87120101090789,8.881784197001252e-16,8.881784197001252e-16,1.0,1.0,0.9791666666666666,0.9791666666666665,1.1102230246251565e-16,1.1102230246251565e-16,1.0,1.0,1.0,1.0
LL6,2043,2043,7.622174594817622,7.622174594817622,0.0,0.0,0.0,1.0,0.9995105237395986,0.9995105237395984,2.220446049250313e-16,2.220446049250313e-16,1.0,1.0,1.0,1.0
LL6 ,2,2,0.6931471805599453,0.6931471805599454,1.1102230246251565e-16,-1.1102230246251565e-16,-1.0,1.0,0.5,0.5,0.0,0.0,0.0,1.0,1.0,1.0
LL6(?),1,1,-0.0,0.0,0.0,-0.0,0.0,1.0,0.0,0.0,0.0,0.0,0.0,1.0,1.0,1.0
LL6-an,1,1,-0.0,0.0,0.0,-0.0,0.0,1.0,0.0,0.0,0.0,0.0,0.0,1.0,1.0,1.0
LL6-melt breccia,2,2,0.6931471805599453,0.6931471805599454,1.1102230246251565e-16,-1.1102230246251565e-16,-1.0,1.0,0.5,0.5,0.0,0.0,0.0,1.0,1.0,1.0
LL6/7,4,4,1.3862943611198906,1.3862943611198908,2.220446049250313e-16,-2.220446049250313e-16,-1.0,1.0,0.75,0.75,0.0,0.0,0.0,1.0,1.0,1.0
LL7,22,22,3.091042453358316,3.0910424533583156,4.440892098500626e-16,4.440892098500626e-16,1.0,1.0,0.9545454545454546,0.9545454545454548,2.220446049250313e-16,-2.220446049250313e-16,-1.0,1.0,1.0,1.0
LL7(?),1,1,-0.0,0.0,0.0,-0.0,0.0,1.0,0.0,0.0,0.0,0.0,0.0,1.0,1.0,1.0
LL<3.5,1,1,-0.0,0.0,0.0,-0.0,0.0,1.0,0.0,0.0,0.0,0.0,0.0,1.0,1.0,1.0
LL~3,3,3,1.0986122886681096,1.0986122886681091,4.440892098500626e-16,4.440892098500626e-16,1.0,1.0,0.6666666666666667,0.6666666666666666,1.1102230246251565e-16,1.1102230246251565e-16,1.0,1.0,1.0,1.0
LL~4,1,1,-0.0,0.0,0.0,-0.0,0.0,1.0,0.0,0.0,0.0,0.0,0.0,1.0,1.0,1.0
LL~4/5,1,1,-0.0,0.0,0.0,-0.0,0.0,1.0,0.0,0.0,0.0,0.0,0.0,1.0,1.0,1.0
LL~5,9,9,2.1972245773362196,2.197224577336219,4.440892098500626e-16,4.440892098500626e-16,1.0,1.0,0.8888888888888888,0.8888888888888892,3.3306690738754696e-16,-3.3306690738754696e-16,-1.0,1.0,1.0,1.0
LL~6,5,5,1.6094379124341005,1.6094379124340998,6.661338147750939e-16,6.661338147750939e-16,1.0,1.0,0.7999999999999999,0.8,1.1102230246251565e-16,-1.1102230246251565e-16,-1.0,1.0,1.0,1.0
Lodranite,40,40,3.6888794541139363,3.6888794541139367,4.440892098500626e-16,-4.440892098500626e-16,-1.0,1.0,0.975,0.9749999999999998,2.220446049250313e-16,2.220446049250313e-16,1.0,1.0,1.0,1.0
Lodranite-an,1,1,-0.0,0.0,0.0,-0.0,0.0,1.0,0.0,0.0,0.0,0.0,0.0,1.0,1.0,1.0
Lunar,41,41,3.713572066704308,3.7135720667043084,4.440892098500626e-16,-4.440892098500626e-16,-1.0,1.0,0.975609756097561,0.9756097560975612,2.220446049250313e-16,-2.220446049250313e-16,-1.0,1.0,1.0,1.0
Lunar (anorth),69,69,4.23410650459726,4.234106504597259,8.881784197001252e-16,8.881784197001252e-16,1.0,1.0,0.9855072463768116,0.9855072463768119,2.220446049250313e-16,-2.220446049250313e-16,-1.0,1.0,1.0,1.0
Lunar (bas. breccia),2,2,0.6931471805599453,0.6931471805599454,1.1102230246251565e-16,-1.1102230246251565e-16,-1.0,1.0,0.5,0.5,0.0,0.0,0.0,1.0,1.0,1.0
Lunar (bas/anor),2,2,0.6931471805599453,0.6931471805599454,1.1102230246251565e-16,-1.1102230246251565e-16,-1.0,1.0,0.5,0.5,0.0,0.0,0.0,1.0,1.0,1.0
Lunar (bas/gab brec),1,1,-0.0,0.0,0.0,-0.0,0.0,1.0,0.0,0.0,0.0,0.0,0.0,1.0,1.0,1.0
Lunar (basalt),16,16,2.772588722239781,2.7725887222397816,4.440892098500626e-16,-4.440892098500626e-16,-1.0,1.0,0.9375,0.9375,0.0,0.0,0.0,1.0,1.0,1.0
Lunar (feldsp. breccia),27,27,3.2958368660043287,3.2958368660043282,4.440892098500626e-16,4.440892098500626e-16,1.0,1.0,0.962962962962963,0.9629629629629631,1.1102230246251565e-16,-1.1102230246251565e-16,-1.0,1.0,1.0,1.0
Lunar (gabbro),6,6,1.791759469228055,1.7917594692280547,2.220446049250313e-16,2.220446049250313e-16,1.0,1.0,0.8333333333333334,0.8333333333333334,0.0,0.0,0.0,1.0,1.0,1.0
Lunar (norite),1,1,-0.0,0.0,0.0,-0.0,0.0,1.0,0.0,0.0,0.0,0.0,0.0,1.0,1.0,1.0
L~3,1,1,-0.0,0.0,0.0,-0.0,0.0,1.0,0.0,0.0,0.0,0.0,0.0,1.0,1.0,1.0
L~4,10,10,2.3025850929940455,2.302585092994045,4.440892098500626e-16,4.440892098500626e-16,1.0,1.0,0.9,0.9000000000000002,2.220446049250313e-16,-2.220446049250313e-16,-1.0,1.0,1.0,1.0
L~4-6,1,1,-0.0,0.0,0.0,-0.0,0.0,1.0,0.0,0.0,0.0,0.0,0.0,1.0,1.0,1.0
L~5,32,32,3.4657359027997265,3.465735902799727,4.440892098500626e-16,-4.440892098500626e-16,-1.0,1.0,0.96875,0.96875,0.0,0.0,0.0,1.0,1.0,1.0
L~6,94,94,4.543294782270004,4.543294782270004,0.0,0.0,0.0,1.0,0.9893617021276596,0.9893617021276595,1.1102230246251565e-16,1.1102230246251565e-16,1.0,1.0,1.0,1.0
Martian,1,1,-0.0,0.0,0.0,-0.0,0.0,1.0,0.0,0.0,0.0,0.0,0.0,1.0,1.0,1.0
Martian (OPX),1,1,-0.0,0.0,0.0,-0.0,0.0,1.0,0.0,0.0,0.0,0.0,0.0,1.0,1.0,1.0
Martian (basaltic breccia),2,2,0.6931471805599453,0.6931471805599454,1.1102230246251565e-16,-1.1102230246251565e-16,-1.0,1.0,0.5,0.5,0.0,0.0,0.0,1.0,1.0,1.0
Martian (chassignite),2,2,0.6931471805599453,0.6931471805599454,1.1102230246251565e-16,-1.1102230246251565e-16,-1.0,1.0,0.5,0.5,0.0,0.0,0.0,1.0,1.0,1.0
Martian (nakhlite),14,14,2.6390573296152584,2.639057329615258,4.440892098500626e-16,4.440892098500626e-16,1.0,1.0,0.9285714285714286,0.9285714285714288,2.220446049250313e-16,-2.220446049250313e-16,-1.0,1.0,1.0,1.0
Martian (shergottite),99,99,4.59511985013459,4.59511985013459,0.0,0.0,0.0,1.0,0.98989898989899,0.9898989898989898,1.1102230246251565e-16,1.1102230246251565e-16,1.0,1.0,1.0,1.0
Mesosiderite,137,137,4.919980925828125,4.919980925828126,8.881784197001252e-16,-8.881784197001252e-16,-1.0,1.0,0.9927007299270073,0.9927007299270072,1.1102230246251565e-16,1.1102230246251565e-16,1.0,1.0,1.0,1.0
Mesosiderite-A,2,2,0.6931471805599453,0.6931471805599454,1.1102230246251565e-16,-1.1102230246251565e-16,-1.0,1.0,0.5,0.5,0.0,0.0,0.0,1.0,1.0,1.0
Mesosiderite-A1,6,6,1.791759469228055,1.7917594692280547,2.220446049250313e-16,2.220446049250313e-16,1.0,1.0,0.8333333333333334,0.8333333333333334,0.0,0.0,0.0,1.0,1.0,1.0
Mesosiderite-A2,3,3,1.0986122886681096,1.0986122886681091,4.440892098500626e-16,4.440892098500626e-16,1.0,1.0,0.6666666666666667,0.6666666666666666,1.1102230246251565e-16,1.1102230246251565e-16,1.0,1.0,1.0,1.0
Mesosiderite-A3,3,3,1.0986122886681096,1.0986122886681091,4.440892098500626e-16,4.440892098500626e-16,1.0,1.0,0.6666666666666667,0.6666666666666666,1.1102230246251565e-16,1.1102230246251565e-16,1.0,1.0,1.0,1.0
Mesosiderite-A3/4,1,1,-0.0,0.0,0.0,-0.0,0.0,1.0,0.0,0.0,0.0,0.0,0.0,1.0,1.0,1.0
Mesosiderite-A4,3,3,1.0986122886681096,1.0986122886681091,4.440892098500626e-16,4.440892098500626e-16,1.0,1.0,0.6666666666666667,0.6666666666666666,1.1102230246251565e-16,1.1102230246251565e-16,1.0,1.0,1.0,1.0
Mesosiderite-B,4,4,1.3862943611198906,1.3862943611198908,2.220446049250313e-16,-2.220446049250313e-16,-1.0,1.0,0.75,0.75,0.0,0.0,0.0,1.0,1.0,1.0
Mesosiderite-B1,4,4,1.3862943611198906,1.3862943611198908,2.220446049250313e-16,-2.220446049250313e-16,-1.0,1.0,0.75,0.75,0.0,0.0,0.0,1.0,1.0,1.0
Mesosiderite-B2,5,5,1.6094379124341005,1.6094379124340998,6.661338147750939e-16,6.661338147750939e-16,1.0,1.0,0.7999999999999999,0.8,1.1102230246251565e-16,-1.1102230246251565e-16,-1.0,1.0,1.0,1.0
Mesosiderite-B4,3,3,1.0986122886681096,1.0986122886681091,4.440892098500626e-16,4.440892098500626e-16,1.0,1.0,0.6666666666666667,0.6666666666666666,1.1102230246251565e-16,1.1102230246251565e-16,1.0,1.0,1.0,1.0
Mesosiderite-C,7,7,1.9459101490553132,1.9459101490553128,4.440892098500626e-16,4.440892098500626e-16,1.0,1.0,0.8571428571428572,0.8571428571428574,2.220446049250313e-16,-2.220446049250313e-16,-1.0,1.0,1.0,1.0
Mesosiderite-C2,2,2,0.6931471805599453,0.6931471805599454,1.1102230246251565e-16,-1.1102230246251565e-16,-1.0,1.0,0.5,0.5,0.0,0.0,0.0,1.0,1.0,1.0
Mesosiderite-an,6,6,1.791759469228055,1.7917594692280547,2.220446049250313e-16,2.220446049250313e-16,1.0,1.0,0.8333333333333334,0.8333333333333334,0.0,0.0,0.0,1.0,1.0,1.0
Mesosiderite?,1,1,-0.0,0.0,0.0,-0.0,0.0,1.0,0.0,0.0,0.0,0.0,0.0,1.0,1.0,1.0
OC,79,79,4.3694478524670215,4.3694478524670215,0.0,0.0,0.0,1.0,0.9873417721518988,0.9873417721518988,0.0,0.0,0.0,1.0,1.0,1.0
OC3,8,8,2.0794415416798357,2.0794415416798357,0.0,0.0,0.0,1.0,0.875,0.875,0.0,0.0,0.0,1.0,1.0,1.0
Pallasite,35,35,3.5553480614894135,3.5553480614894135,0.0,0.0,0.0,1.0,0.9714285714285714,0.9714285714285714,0.0,0.0,0.0,1.0,1.0,1.0
"Pallasite, PES",4,4,1.3862943611198906,1.3862943611198908,2.220446049250313e-16,-2.220446049250313e-16,-1.0,1.0,0.75,0.75,0.0,0.0,0.0,1.0,1.0,1.0
"Pallasite, PMG",38,38,3.6375861597263857,3.6375861597263848,8.881784197001252e-16,8.881784197001252e-16,1.0,1.0,0.9736842105263158,0.9736842105263156,2.220446049250313e-16,2.220446049250313e-16,1.0,1.0,1.0,1.0
"Pallasite, PMG-an",11,11,2.3978952727983707,2.3978952727983716,8.881784197001252e-16,-8.881784197001252e-16,-1.0,1.0,0.9090909090909091,0.9090909090909087,3.3306690738754696e-16,3.3306690738754696e-16,1.0,1.0,1.0,1.0
"Pallasite, ungrouped",5,5,1.6094379124341005,1.6094379124340998,6.661338147750939e-16,6.661338147750939e-16,1.0,1.0,0.7999999999999999,0.8,1.1102230246251565e-16,-1.1102230246251565e-16,-1.0,1.0,1.0,1.0
Pallasite?,1,1,-0.0,0.0,0.0,-0.0,0.0,1.0,0.0,0.0,0.0,0.0,0.0,1.0,1.0,1.0
R,3,3,1.0986122886681096,1.0986122886681091,4.440892098500626e-16,4.440892098500626e-16,1.0,1.0,0.6666666666666667,0.6666666666666666,1.1102230246251565e-16,1.1102230246251565e-16,1.0,1.0,1.0,1.0
R3,15,15,2.70805020110221,2.70805020110221,0.0,0.0,0.0,1.0,0.9333333333333333,0.9333333333333335,1.1102230246251565e-16,-1.1102230246251565e-16,-1.0,1.0,1.0,1.0
R3-4,1,1,-0.0,0.0,0.0,-0.0,0.0,1.0,0.0,0.0,0.0,0.0,0.0,1.0,1.0,1.0
R3-5,6,6,1.791759469228055,1.7917594692280547,2.220446049250313e-16,2.220446049250313e-16,1.0,1.0,0.8333333333333334,0.8333333333333334,0.0,0.0,0.0,1.0,1.0,1.0
R3-6,10,10,2.3025850929940455,2.302585092994045,4.440892098500626e-16,4.440892098500626e-16,1.0,1.0,0.9,0.9000000000000002,2.220446049250313e-16,-2.220446049250313e-16,-1.0,1.0,1.0,1.0
R3.4,1,1,-0.0,0.0,0.0,-0.0,0.0,1.0,0.0,0.0,0.0,0.0,0.0,1.0,1.0,1.0
R3.5-4,1,1,-0.0,0.0,0.0,-0.0,0.0,1.0,0.0,0.0,0.0,0.0,0.0,1.0,1.0,1.0
R3.5-6,1,1,-0.0,0.0,0.0,-0.0,0.0,1.0,0.0,0.0,0.0,0.0,0.0,1.0,1.0,1.0
R3.6,3,3,1.0986122886681096,1.0986122886681091,4.440892098500626e-16,4.440892098500626e-16,1.0,1.0,0.6666666666666667,0.6666666666666666,1.1102230246251565e-16,1.1102230246251565e-16,1.0,1.0,1.0,1.0
R3.7,2,2,0.6931471805599453,0.6931471805599454,1.1102230246251565e-16,-1.1102230246251565e-16,-1.0,1.0,0.5,0.5,0.0,0.0,0.0,1.0,1.0,1.0
R3.8,9,9,2.1972245773362196,2.197224577336219,4.440892098500626e-16,4.440892098500626e-16,1.0,1.0,0.8888888888888888,0.8888888888888892,3.3306690738754696e-16,-3.3306690738754696e-16,-1.0,1.0,1.0,1.0
R3.8-5,1,1,-0.0,0.0,0.0,-0.0,0.0,1.0,0.0,0.0,0.0,0.0,0.0,1.0,1.0,1.0
R3.8-6,4,4,1.3862943611198906,1.3862943611198908,2.220446049250313e-16,-2.220446049250313e-16,-1.0,1.0,0.75,0.75,0.0,0.0,0.0,1.0,1.0,1.0
R3.9,4,4,1.3862943611198906,1.3862943611198908,2.220446049250313e-16,-2.220446049250313e-16,-1.0,1.0,0.75,0.75,0.0,0.0,0.0,1.0,1.0,1.0
R3/4,2,2,0.6931471805599453,0.6931471805599454,1.1102230246251565e-16,-1.1102230246251565e-16,-1.0,1.0,0.5,0.5,0.0,0.0,0.0,1.0,1.0,1.0
R4,42,42,3.7376696182833684,3.7376696182833693,8.881784197001252e-16,-8.881784197001252e-16,-1.0,1.0,0.9761904761904762,0.9761904761904762,0.0,0.0,0.0,1.0,1.0,1.0
R4/5,1,1,-0.0,0.0,0.0,-0.0,0.0,1.0,0.0,0.0,0.0,0.0,0.0,1.0,1.0,1.0
R5,20,20,2.995732273553991,2.9957322735539904,4.440892098500626e-16,4.440892098500626e-16,1.0,1.0,0.95,0.9499999999999997,2.220446049250313e-16,2.220446049250313e-16,1.0,1.0,1.0,1.0
R6,9,9,2.1972245773362196,2.197224577336219,4.440892098500626e-16,4.440892098500626e-16,1.0,1.0,0.8888888888888888,0.8888888888888892,3.3306690738754696e-16,-3.3306690738754696e-16,-1.0,1.0,1.0,1.0
Relict H,1,1,-0.0,0.0,0.0,-0.0,0.0,1.0,0.0,0.0,0.0,0.0,0.0,1.0,1.0,1.0
Relict OC,65,65,4.174387269895637,4.174387269895638,8.881784197001252e-16,-8.881784197001252e-16,-1.0,1.0,0.9846153846153847,0.9846153846153847,0.0,0.0,0.0,1.0,1.0,1.0
Relict iron,1,1,-0.0,0.0,0.0,-0.0,0.0,1.0,0.0,0.0,0.0,0.0,0.0,1.0,1.0,1.0
Stone-uncl,50,50,3.912023005428146,3.912023005428146,0.0,0.0,0.0,1.0,0.98,0.9800000000000002,2.220446049250313e-16,-2.220446049250313e-16,-1.0,1.0,1.0,1.0
Stone-ung,1,1,-0.0,0.0,0.0,-0.0,0.0,1.0,0.0,0.0,0.0,0.0,0.0,1.0,1.0,1.0
Unknown,7,7,1.9459101490553132,1.9459101490553128,4.440892098500626e-16,4.440892098500626e-16,1.0,1.0,0.8571428571428572,0.8571428571428574,2.220446049250313e-16,-2.220446049250313e-16,-1.0,1.0,1.0,1.0
Ureilite,300,300,5.703782474656201,5.703782474656202,8.881784197001252e-16,-8.881784197001252e-16,-1.0,1.0,0.9966666666666667,0.9966666666666666,1.1102230246251565e-16,1.1102230246251565e-16,1.0,1.0,1.0,1.0
Ureilite-an,4,4,1.3862943611198906,1.3862943611198908,2.220446049250313e-16,-2.220446049250313e-16,-1.0,1.0,0.75,0.75,0.0,0.0,0.0,1.0,1.0,1.0
Ureilite-pmict,23,23,3.1354942159291497,3.1354942159291497,0.0,0.0,0.0,1.0,0.9565217391304348,0.9565217391304348,0.0,0.0,0.0,1.0,1.0,1.0
Winonaite,25,25,3.2188758248682,3.2188758248681997,4.440892098500626e-16,4.440892098500626e-16,1.0,1.0,0.96,0.9600000000000002,2.220446049250313e-16,-2.220446049250313e-16,-1.0,1.0,1.0,1.0
